position,plugin,format,provider,masters,header_record_types,candidate_domains,hc_gameplay_winners,sha256,documentation
0,Skyrim.esm,ESM,<game Data>,,GMST:1584;KYWD:825;LCRT:406;AACT:69;TXST:572;GLOB:664;CLAS:138;FACT:1084;HDPT:766;EYES:8;RACE:99;SOUN:997;ASPC:45;MGEF:950;LTEX:68;ENCH:604;SPEL:827;SCRL:74;ACTI:1870;TACT:25;ARMO:2762;BOOK:821;CONT:436;DOOR:244;INGR:94;LIGH:435;MISC:371;APPA:45;STAT:9720;MSTT:691;GRAS:27;TREE:154;FLOR:86;FURN:400;WEAP:2484;AMMO:35;NPC_:5118;LVLN:527;KEYM:334;ALCH:363;IDLM:81;COBJ:601;PROJ:134;HAZD:44;SLGM:17;LVLI:3075;WTHR:84;CLMT:6;SPGD:16;RFCT:103;REGN:317;NAVI:1;CELL:17568;REFR:693333;ACHR:10504;NAVM:15966;PGRE:42;PHZD:335;WRLD:37;LAND:15564;DIAL:15037;INFO:31465;QUST:1811;IDLE:3285;PACK:5961;CSTY:145;LSCR:298;LVSP:24;ANIO:63;WATR:34;EFSH:169;EXPL:143;DEBR:3;IMGS:270;IMAD:170;FLST:726;PERK:375;BPTD:35;ADDN:89;AVIF:149;CAMS:86;CPTH:51;VTYP:143;MATT:78;IPCT:515;IPDS:220;ARMA:766;ECZN:280;LCTN:638;MESG:571;DOBJ:1;LGTM:97;MUSC:50;FSTP:116;FSTS:35;SMBN:99;SMQN:448;SMEN:24;DLBR:3061;MUST:258;DLVW:1126;WOOP:81;SHOU:75;EQUP:7;RELA:642;SCEN:1706;ASTP:20;OTFT:481;ARTO:201;MATO:32;MOVT:92;SNDR:2453;DUAL:2;SNCT:18;SOPM:69;COLL:55;CLFM:178;REVB:10,Class;Damage;ActorState;Enemy;Leveling;Durability,32127,e198c3b85e5e48e0c92a6580d8f66e644256b68d812ee32b61735cf9b753df73,LOCAL: no public mod ID recorded
1,Update.esm,ESM,<game Data>,Skyrim.esm,GMST:53;KYWD:30;TXST:7;GLOB:16;FACT:4;RACE:27;MGEF:53;LTEX:15;ENCH:6;SPEL:30;SCRL:3;ACTI:28;ARMO:156;BOOK:5;CONT:11;DOOR:11;INGR:4;MISC:4;STAT:379;MSTT:2;GRAS:27;FLOR:5;FURN:1;WEAP:25;AMMO:1;NPC_:21;LVLN:3;ALCH:26;COBJ:6;PROJ:1;LVLI:8;WTHR:69;REGN:2;NAVI:1;CELL:2319;REFR:9619;ACHR:44;NAVM:309;WRLD:13;LAND:1743;DIAL:90;INFO:139;QUST:84;IDLE:152;PACK:20;LSCR:3;WATR:38;EXPL:1;IMGS:217;IMAD:40;FLST:15;PERK:16;BPTD:1;AVIF:1;CAMS:108;CPTH:160;IPCT:17;IPDS:17;ARMA:30;ECZN:2;LCTN:11;MESG:93;DOBJ:1;MUSC:3;FSTP:17;FSTS:2;DLBR:11;MUST:6;DLVW:5;SCEN:9;MATO:32;SNDR:23;VOLI:36,Class;Damage;ActorState;Enemy;Leveling;Durability,551,b298b0f65fa0127fd13c1f5ef6bb30eaf9d21fd19f5e6f8f91f829c9007d3280,LOCAL: no public mod ID recorded
2,Dawnguard.esm,ESM,<game Data>,Skyrim.esm;Update.esm,GMST:7;KYWD:101;LCRT:15;AACT:2;TXST:53;GLOB:176;CLAS:5;FACT:82;HDPT:41;RACE:46;SOUN:71;ASPC:4;MGEF:263;LTEX:12;ENCH:28;SPEL:308;SCRL:1;ACTI:282;TACT:3;ARMO:171;BOOK:65;CONT:37;DOOR:30;INGR:5;LIGH:31;MISC:59;STAT:930;MSTT:34;GRAS:1;TREE:48;FLOR:3;FURN:30;WEAP:100;AMMO:25;NPC_:623;LVLN:92;KEYM:5;ALCH:4;IDLM:2;COBJ:91;PROJ:35;HAZD:1;LVLI:109;WTHR:15;CLMT:1;RFCT:42;REGN:50;NAVI:1;CELL:11334;REFR:66094;NAVM:1922;ACHR:908;PHZD:4;WRLD:16;LAND:2223;DIAL:2038;INFO:3457;QUST:199;IDLE:388;PACK:682;CSTY:19;LSCR:19;LVSP:3;ANIO:4;WATR:11;EFSH:52;EXPL:45;DEBR:2;IMGS:9;IMAD:37;FLST:77;PERK:57;BPTD:4;ADDN:2;AVIF:3;VTYP:21;IPCT:47;IPDS:41;ARMA:150;ECZN:19;LCTN:62;MESG:89;DOBJ:1;LGTM:24;MUSC:14;FSTP:37;FSTS:7;SMBN:11;SMQN:36;SMEN:1;DLBR:403;MUST:67;DLVW:157;WOOP:12;SHOU:24;RELA:1;SCEN:198;OTFT:69;ARTO:61;MATO:2;MOVT:6;SNDR:399;SOPM:6;CLFM:1;REVB:1;VOLI:1,Class;Damage;ActorState;Enemy;Leveling;Durability,13342,fc8f92cb7ed55217046ee96b84caa54c058c12f7c408ac2a71da880a7bd3eab7,LOCAL: no public mod ID recorded
3,HearthFires.esm,ESM,<game Data>,Skyrim.esm;Update.esm,GMST:10;KYWD:235;LCRT:15;TXST:21;GLOB:114;CLAS:1;FACT:142;SOUN:1;MGEF:46;ENCH:43;SPEL:3;ACTI:15;ARMO:5;BOOK:15;CONT:29;DOOR:9;INGR:2;LIGH:1;MISC:559;STAT:186;TREE:33;FLOR:5;FURN:27;WEAP:1;NPC_:50;ALCH:28;IDLM:9;COBJ:507;LVLI:22;NAVI:1;CELL:247;ACHR:213;REFR:12463;NAVM:137;WRLD:6;LAND:34;DIAL:482;INFO:1706;QUST:41;IDLE:36;PACK:280;CSTY:1;LSCR:4;ANIO:6;FLST:66;PERK:1;IPCT:2;IPDS:1;ARMA:2;LCTN:22;MESG:14;DOBJ:1;SMBN:2;SMQN:8;SMEN:1;DLBR:66;DLVW:41;RELA:3;SCEN:4;OTFT:3;SNDR:8,Class;Damage;ActorState;Enemy;Leveling;Durability,1405,0f681496771e6d1983c6c1c9dd6602964068837f015bfa21e69a149c3b050047,LOCAL: no public mod ID recorded
4,Dragonborn.esm,ESM,<game Data>,Skyrim.esm;Update.esm,GMST:5;KYWD:69;LCRT:45;TXST:59;GLOB:147;CLAS:15;FACT:102;RACE:32;SOUN:96;ASPC:3;MGEF:321;LTEX:11;ENCH:71;SPEL:272;SCRL:24;ACTI:311;TACT:2;ARMO:741;BOOK:148;CONT:90;DOOR:28;INGR:11;LIGH:29;MISC:26;STAT:1085;MSTT:81;GRAS:3;TREE:32;FLOR:9;FURN:59;WEAP:683;AMMO:5;NPC_:713;LVLN:60;KEYM:38;ALCH:22;IDLM:2;COBJ:182;PROJ:67;HAZD:6;LVLI:632;WTHR:9;CLMT:2;SPGD:2;RFCT:23;REGN:20;NAVI:1;CELL:45237;REFR:78754;NAVM:1723;ACHR:1309;PHZD:55;PGRE:2;WRLD:5;LAND:34515;DIAL:2197;INFO:4421;QUST:256;IDLE:509;PACK:668;CSTY:33;LSCR:30;LVSP:6;ANIO:9;WATR:7;EFSH:55;EXPL:89;DEBR:1;IMGS:9;IMAD:17;FLST:150;PERK:74;BPTD:9;ADDN:1;VTYP:19;MATT:1;IPCT:82;IPDS:60;ARMA:165;ECZN:57;LCTN:98;MESG:177;DOBJ:1;LGTM:10;MUSC:7;FSTP:22;FSTS:11;SMBN:15;SMQN:43;SMEN:2;DLBR:395;MUST:21;DLVW:188;WOOP:14;SHOU:18;RELA:27;SCEN:224;OTFT:57;ARTO:56;MATO:8;MOVT:9;SNDR:377;SOPM:11;VOLI:5,Class;Damage;ActorState;Enemy;Leveling;Durability,48163,635f21a938a17b8677f524cf41210933afc7f23820f2e210ab3bb6d3cd837046,LOCAL: no public mod ID recorded
5,ccBGSSSE001-Fish.esm,ESM,CreationClubContent,Skyrim.esm;Update.esm;Dawnguard.esm;HearthFires.esm;Dragonborn.esm,KYWD:13;LCRT:2;TXST:28;GLOB:66;FACT:6;RACE:4;SOUN:5;MGEF:12;ENCH:13;SPEL:9;ACTI:175;ARMO:40;BOOK:57;CONT:20;DOOR:1;INGR:9;LIGH:4;MISC:25;STAT:55;FLOR:11;WEAP:19;NPC_:26;LVLN:1;KEYM:2;ALCH:49;COBJ:96;PROJ:1;LVLI:61;NAVI:1;CELL:610;REFR:3833;ACHR:48;NAVM:3;WRLD:14;DIAL:149;INFO:190;QUST:33;PACK:50;CSTY:2;LSCR:5;EFSH:1;EXPL:3;IMAD:5;FLST:153;ARMA:22;LCTN:9;MESG:31;DLBR:62;SCEN:1;OTFT:11;ARTO:1;SNDR:13,Class;Damage;ActorState;Enemy;Leveling;Durability,753,0036c3bb38754d1681529f6f828987506efbecc97fe6008753ac05e7c6738fff,LOCAL: no public mod ID recorded
6,ccQDRSSE001-SurvivalMode.esl,ESL,CreationClubContent,Skyrim.esm;Update.esm;Dawnguard.esm;HearthFires.esm;Dragonborn.esm,KYWD:9;GLOB:61;SOUN:18;MGEF:146;SPEL:95;SCRL:2;ACTI:1;STAT:3;ALCH:127;COBJ:13;NAVI:1;CELL:1;REFR:24;NAVM:1;QUST:9;LSCR:13;EFSH:2;IMAD:26;FLST:25;PERK:4;MESG:73;DOBJ:1;SNDR:18,Class;Damage;ActorState;Enemy;Leveling;Durability,299,0aeb0734128137f77fed4c2c329fd4ce71a4d043a2093871886ad84e5821ac47,LOCAL: no public mod ID recorded
7,ccBGSSSE037-Curios.esl,ESL,CreationClubContent,Skyrim.esm;Update.esm;Dawnguard.esm;HearthFires.esm;Dragonborn.esm,TXST:3;MGEF:4;CONT:1;INGR:51;LIGH:2;AMMO:6;ALCH:3;COBJ:8;PROJ:6;SLGM:1;LVLI:61;QUST:1;EXPL:1;PERK:2;ARTO:1,Class;Damage;ActorState;Enemy;Leveling;Durability,74,75209dbb177ea27f3abd164b6ecf07670ecdc3858cc01e4a3db8d1e2443136fe,LOCAL: no public mod ID recorded
8,ccvsvsse003-necroarts.esl,ESL,Styles of Skyrim - Alchemist Outfit Variations,Skyrim.esm;Update.esm;Dawnguard.esm;Dragonborn.esm,KYWD:8;TXST:2;CLAS:1;FACT:3;RACE:4;MGEF:73;ENCH:14;SPEL:50;ACTI:2;ARMO:29;BOOK:13;CONT:1;WEAP:7;AMMO:1;NPC_:59;PROJ:2;HAZD:1;LVLI:17;RFCT:6;CELL:6;REFR:12;WRLD:1;DIAL:2;INFO:2;QUST:2;PACK:1;CSTY:3;LVSP:2;EFSH:18;EXPL:2;FLST:2;PERK:5;VTYP:1;ARMA:26;OTFT:7;ARTO:10;SNDR:1,Class;Damage;ActorState;Enemy;Leveling;Durability,266,a485b204315ab8b0a3e6805e3de21c5bedb3734c3efd94b1bddc67731a14758f,https://www.nexusmods.com/skyrimspecialedition/mods/128147
9,ccBGSSSE025-AdvDSGS.esm,ESM,CreationClubContent,Skyrim.esm;Update.esm;Dawnguard.esm;HearthFires.esm;Dragonborn.esm,KYWD:8;TXST:13;GLOB:14;FACT:4;HDPT:7;RACE:6;SOUN:3;MGEF:17;ENCH:1;SPEL:17;SCRL:5;ACTI:19;ARMO:40;BOOK:30;CONT:3;DOOR:3;INGR:4;LIGH:4;MISC:8;STAT:45;MSTT:1;WEAP:47;AMMO:6;NPC_:75;LVLN:8;KEYM:2;ALCH:1;COBJ:112;PROJ:4;SLGM:2;LVLI:49;NAVI:1;CELL:21;REFR:2120;ACHR:49;NAVM:3;WRLD:3;DIAL:51;INFO:59;QUST:17;PACK:10;LSCR:2;WATR:2;EFSH:1;IMGS:1;FLST:19;PERK:3;ARMA:36;ECZN:1;LCTN:1;MESG:7;SMBN:1;SMQN:1;DLBR:19;OTFT:18;SNDR:5;CLFM:2,Class;Damage;ActorState;Enemy;Leveling;Durability,387,070784062525ac872b98503cf60918bcd7e7b8aede7fcedd86839a57467add5b,LOCAL: no public mod ID recorded
10,_ResourcePack.esl,ESL,<game Data>,Skyrim.esm;Update.esm;HearthFires.esm,TXST:34;GLOB:2;LTEX:24;ACTI:12;CONT:2;DOOR:4;INGR:1;MISC:11;STAT:223;MSTT:29;GRAS:2;TREE:21;FLOR:3;QUST:4;MATT:1,Class;Damage;ActorState;Enemy;Leveling,6,3479f3aa9002e28d206a1e7366d613e52d7ba93fc6b96c207a1fcf89051a67db,LOCAL: no public mod ID recorded
11,unofficial skyrim special edition patch.esp,ESM,Unofficial Skyrim Special Edition Patch - USSEP,Skyrim.esm;Update.esm;Dawnguard.esm;HearthFires.esm;Dragonborn.esm;ccbgssse001-fish.esm;ccqdrsse001-survivalmode.esl;ccbgssse037-curios.esl;ccbgssse025-advdsgs.esm;_ResourcePack.esl,GMST:6;KYWD:5;TXST:10;GLOB:21;CLAS:17;FACT:72;RACE:28;SOUN:2;MGEF:422;ENCH:53;SPEL:227;SCRL:47;ACTI:142;ARMO:501;BOOK:627;CONT:89;DOOR:6;INGR:96;LIGH:217;MISC:171;STAT:82;MSTT:13;GRAS:1;TREE:32;FLOR:14;FURN:18;WEAP:530;AMMO:15;NPC_:992;LVLN:11;KEYM:126;ALCH:76;COBJ:91;PROJ:14;HAZD:4;SLGM:5;LVLI:259;WTHR:9;RFCT:1;REGN:2;NAVI:1;CELL:4335;REFR:36513;NAVM:807;ACHR:928;WRLD:43;LAND:2;DIAL:3322;INFO:5696;QUST:653;IDLE:19;PACK:442;LSCR:114;LVSP:2;EFSH:2;EXPL:4;IMAD:1;FLST:33;PERK:130;BPTD:1;AVIF:1;IPCT:10;IPDS:3;ARMA:266;ECZN:18;LCTN:222;MESG:41;FSTP:10;FSTS:1;SMQN:34;DLBR:3;MUST:1;SHOU:7;RELA:15;SCEN:161;OTFT:21;SNDR:48,Class;Damage;ActorState;Enemy;Leveling;Durability,4293,2df73db3622005e04470e3603f804e2fd855ae932a9847073f386bd8013e9d98,https://www.nexusmods.com/skyrimspecialedition/mods/266
12,Grand Solitude - The Walls of High King Erling.esp,ESM,Grand Solitude - The Walls of High King Erling,Skyrim.esm;Update.esm;Dawnguard.esm;HearthFires.esm;Dragonborn.esm;ccBGSSSE001-Fish.esm;ccBGSSSE037-Curios.esl;ccBGSSSE025-AdvDSGS.esm;_ResourcePack.esl;unofficial skyrim special edition patch.esp,TXST:21;FACT:30;ACTI:5;CONT:14;LIGH:3;STAT:421;TREE:11;FLOR:8;FURN:5;NPC_:90;KEYM:18;WTHR:1;REGN:1;NAVI:1;CELL:71;REFR:24820;ACHR:110;NAVM:109;WRLD:2;LAND:14;PHZD:24;DIAL:1;INFO:3;QUST:2;PACK:151;FLST:17;LCTN:22;RELA:18;OTFT:1,ActorState;Enemy;Leveling,144,d5aa79a7492b29d82a8b688343a593bd54296b02a7f3a2e2ddafd288d5694b97,https://www.nexusmods.com/skyrimspecialedition/mods/157506
13,FuzzBeed Resources.esp,ESPFE,FuzzBeed's Asset Library,Skyrim.esm;Update.esm;Dawnguard.esm;HearthFires.esm;Dragonborn.esm,ACTI:48;CONT:13;DOOR:40;LIGH:1;MISC:4;STAT:480;MSTT:4;FLOR:5;FURN:12;KEYM:2;MESG:2,,0,ff38e3d86c5a68270407d7d11e2b0e891ad8e42dc3aa5e2e3b8f1def53c2e7b1,https://www.nexusmods.com/skyrimspecialedition/mods/134092
14,JK's College of Winterhold.esp,ESM,JK's College of Winterhold,Skyrim.esm;Update.esm;Dawnguard.esm;HearthFires.esm;Dragonborn.esm,TXST:10;ACTI:3;CONT:14;LIGH:2;STAT:231;FURN:6;KEYM:1;NAVI:1;CELL:16;REFR:7499;ACHR:7;NAVM:37;WRLD:1,Enemy;Leveling,7,d7592902bbf298adb49aa7ec331b585a0c046e051e574a52e447902b76882143,https://www.nexusmods.com/skyrimspecialedition/mods/65676
15,Whiterun Has Walls.esm,ESPFE,Whiterun Has Walls Redone,Skyrim.esm;Update.esm;Dawnguard.esm;HearthFires.esm;Dragonborn.esm,STAT:63;CELL:38;REFR:719;WRLD:3;MESG:1,Enemy;Leveling,11,1e5de5adf18e7b215835929c3958d41874dc27e3c1959eef31e4ba606a576abd,https://www.nexusmods.com/skyrimspecialedition/mods/119229
16,Whiterun Has Walls - Navmeshed.esm,ESPFE,Whiterun Has Walls Redone,Skyrim.esm;Update.esm;Dawnguard.esm;HearthFires.esm;Dragonborn.esm;Whiterun Has Walls.esm,NPC_:24;NAVI:1;CELL:18;NAVM:24;REFR:59;WRLD:2;ACHR:24;PACK:18,ActorState;Enemy;Leveling,49,1c8ddc2241e32efab2cc988983d0f5d176c714bbcedd2146dff35c198df3cdca,https://www.nexusmods.com/skyrimspecialedition/mods/119229
17,Atmoran Legacy.esp,ESPFE,Atmoran Legacy - A Windhelm Overhaul,Skyrim.esm,STAT:9;WRLD:2;CELL:12;REFR:52;LAND:2,Enemy;Leveling,5,f843a95eabe04b4c3576fac607ba74e1a39470947980704c6a01007a2c75f09e,https://www.nexusmods.com/skyrimspecialedition/mods/185312
18,Embers XD.esm,ESM,Embers XD,Skyrim.esm;Update.esm;Dawnguard.esm;HearthFires.esm;Dragonborn.esm,STAT:2;MSTT:1;WRLD:2;CELL:5;REFR:5,Enemy;Leveling,1,83f635cb33fe3c9f1192d3bb5cfc97b219220cfcef859885d3a7b06d95b6cfea,https://www.nexusmods.com/skyrimspecialedition/mods/37085
19,Sentinel - Master Plugin.esp,ESPFE,Sentinel - An Equipment Overhaul,Dragonborn.esm;Skyrim.esm;Update.esm;Dawnguard.esm;HearthFires.esm,LVLI:184,Enemy;Durability,0,efc1e46a3828aa819a9e9480c72d5576ff60f8278426e9bacc16bcdbdec2b3ac,https://www.nexusmods.com/skyrimspecialedition/mods/100985
20,TrueHUD.esl,ESL,TrueHUD - HUD Additions,Skyrim.esm;Update.esm,GLOB:2;QUST:1,Class;ActorState;Enemy;Leveling,3,f799336b2b849f816a522631898ff54dc8c39bbccaccfe8a7023390be4e1d813,https://www.nexusmods.com/skyrimspecialedition/mods/62775
21,Dismembering Framework.esm,ESPFE,Dismembering Framework,Skyrim.esm,KYWD:1;GLOB:119;SOUN:1;MGEF:3;SPEL:3;MISC:1;PROJ:2;QUST:1;EFSH:1;EXPL:1;IMAD:1;IPCT:2;IPDS:2;MESG:6;SNDR:8,Class;Damage;ActorState;Enemy;Leveling;Durability,127,2f6846cb26ac169f783c58343f7d6b1d882fe62db63f8d2ebb8aa4c3abe6129e,https://www.nexusmods.com/skyrimspecialedition/mods/126203
22,kcf.esm,ESPFE,Keyword Compatibility Framework,Skyrim.esm,KYWD:16,ActorState;Durability,16,8ae715f250cbf3c94d8a861b699666454bd8833f4678d71c348b1e3d45d9e0db,https://www.nexusmods.com/skyrimspecialedition/mods/79564
23,SmoothCam.esl,ESL,SmoothCam,Skyrim.esm;Update.esm,QUST:1,ActorState;Enemy;Leveling,1,c94d026c5fb3a10769ee494bb0be922301454888ce8c327fceee7a2901f93d8b,https://www.nexusmods.com/skyrimspecialedition/mods/41252
24,SurvivalControlPanel.esp,ESPFE,Survival Control Panel,,QUST:1,ActorState;Enemy;Leveling,1,aff2b4ff504089c962e275d8b7b4b78e82497e2115fcf7b27f2ebb1383cfb9e4,https://www.nexusmods.com/skyrimspecialedition/mods/41891
25,Treescale.esm,ESPFE,Happy Little Trees,Skyrim.esm;Update.esm;Dawnguard.esm;HearthFires.esm;Dragonborn.esm,WRLD:1;CELL:1507;REFR:10831,Enemy;Leveling,724,cf8910c4b4f993715e31d8be1433bbe46fddcd205299129fb7835ca9091d4b14,https://www.nexusmods.com/skyrimspecialedition/mods/50961
26,SCSI-ACTbfco-Main.esp,ESPFE,BFCO - Attack Behavior Framework (SSE AE VR),Skyrim.esm;Update.esm;Dawnguard.esm;Dragonborn.esm,GMST:6;KYWD:10;GLOB:15;MGEF:25;SPEL:9;QUST:2;IDLE:111;PERK:15,Class;Damage;ActorState;Enemy;Leveling;Durability,76,e6b08b1d138620de58541265c369111034d6e82abd2235757d0c211281c3f9d9,https://www.nexusmods.com/skyrimspecialedition/mods/117052
27,HammetDungeon01.esm,ESM,Hammet's Dungeon Pack 1 SE,Skyrim.esm;Update.esm;Dawnguard.esm;HearthFires.esm;Dragonborn.esm,MGEF:17;ENCH:26;SPEL:15;ACTI:1;ARMO:19;BOOK:27;CONT:24;MISC:1;WEAP:36;NPC_:106;LVLN:5;KEYM:23;COBJ:38;NAVI:1;CELL:322;REFR:88678;ACHR:1374;NAVM:671;WRLD:5;LAND:149;QUST:5;LVSP:1;ECZN:30;LCTN:30;MESG:18;RELA:5;OTFT:6,Class;Damage;ActorState;Enemy;Leveling;Durability,1966,76efd04dc43dc6b7befe4f8c3bd09905435acae2d5fdf8f1fcace8799f16157c,https://www.nexusmods.com/skyrimspecialedition/mods/12186
28,HammetDungeon02.esm,ESM,Hammet Dungeon Pack 2 SE,Skyrim.esm;Update.esm;Dawnguard.esm;HearthFires.esm;Dragonborn.esm,MGEF:4;ENCH:9;SPEL:3;ACTI:1;ARMO:4;BOOK:20;CONT:13;MISC:4;WEAP:15;NPC_:72;KEYM:13;COBJ:22;NAVI:1;CELL:213;REFR:49263;PHZD:1;ACHR:946;NAVM:286;WRLD:5;LAND:101;QUST:9;ECZN:16;LCTN:16;MESG:5;OTFT:5,Class;Damage;ActorState;Enemy;Leveling;Durability,1301,e90e788f9577a2d0f4c1ba854bcc84717aea2e1657cd06f8788b27257a5437ee,https://www.nexusmods.com/skyrimspecialedition/mods/95339
29,RASS - Visual Effects.esl,ESL,R.A.S.S. Rain Ash And Snow Shaders - Wet Frost Cold Dust,Skyrim.esm;Update.esm;Dawnguard.esm;HearthFires.esm;Dragonborn.esm,GLOB:16;FACT:1;MGEF:31;SPEL:18;RFCT:32;QUST:2;EFSH:13;PERK:1;MESG:1;ARTO:32,Class;Damage;ActorState;Enemy;Leveling,69,b5d47d5cd0ef2bd3eb0f013d7fc0b1dcfe58179b06c517e8029f2f227e826a31,https://www.nexusmods.com/skyrimspecialedition/mods/22780
30,Apachii_DivineEleganceStore.esm,ESM,AETHERIUS - CUSTOM SETTINGS,Skyrim.esm,TXST:416;FACT:3;HDPT:16;MGEF:1;ENCH:3;ARMO:467;CONT:38;DOOR:1;LIGH:12;MISC:1;STAT:87;MSTT:1;FURN:4;NPC_:3;COBJ:250;PROJ:1;LVLI:4;NAVI:1;CELL:9;REFR:683;ACHR:3;NAVM:9;WRLD:1;PACK:6;ARMA:1339;LCTN:1;OTFT:4,Damage;ActorState;Enemy;Leveling;Durability,613,1d3a320c34304b76f9b2adb65333baa4e8af7bbfa8e4e89e4f61c4f8d15e9cd9,LOCAL: no public mod ID recorded
31,Expressive Facegen Morphs.esl,ESL,Expressive Facegen Morphs SE,,,,0,59240f0ead8e723dc2ed8d1e93e23ba4d8ecd962e11c615cb2b47bc8e53e1470,https://www.nexusmods.com/skyrimspecialedition/mods/35785
32,SkyrimWaterInertia.esl,ESL,Skyrim Water Inertia,Skyrim.esm,QUST:1,ActorState;Enemy;Leveling,1,4a3b9e39a2b8b2c59f9285cde2d93ad5183d73b456d5660f4e4b875e75379f6e,https://www.nexusmods.com/skyrimspecialedition/mods/184257
33,LexiconSKSE.esl,ESL,Lexicon SKSE,,KYWD:8;GLOB:1,Class;ActorState;Leveling;Durability,9,6d263479006aa2c93d42da3832f9cce0204eb5b8459b26934953802f88088f2c,https://www.nexusmods.com/skyrimspecialedition/mods/153176
34,WizardingTraversal.esl,ESL,Wizarding Traversal Magic,Skyrim.esm;Update.esm;Dawnguard.esm;HearthFires.esm;Dragonborn.esm,CLAS:1;RACE:1;MGEF:11;SPEL:10;ARMO:1;BOOK:3;NPC_:1;PROJ:1;HAZD:2;QUST:1;EXPL:5;IMAD:2;PERK:1;ARMA:1;MESG:2;SHOU:2;ARTO:2;SNDR:3,Class;Damage;ActorState;Enemy;Leveling;Durability,26,723e8c2b81040d6f0b7b344806dec3f0a2b97ffad0dd4d9eefb60ddf5f4cfe28,https://www.nexusmods.com/skyrimspecialedition/mods/124125
35,cheddars_mashups.esl,ESL,Cheddar's Mashups,Skyrim.esm;Update.esm;Dawnguard.esm;Dragonborn.esm,ARMO:106;COBJ:185;LVLI:1;ARMA:131,Damage;Enemy;Durability,187,c33168d6a6121b13e4b11caa9ec36a30f0f32b6a6be3c185bfc0e801a716883c,https://www.nexusmods.com/skyrimspecialedition/mods/182534
36,1NDArmor.esl,ESL,Mythic Dawn armor SE,Skyrim.esm;Update.esm;Dawnguard.esm;HearthFires.esm;Dragonborn.esm,ARMO:8;CONT:1;STAT:1;WEAP:1;COBJ:17;CELL:3;REFR:19;WRLD:1;ARMA:8,Damage;Enemy;Leveling;Durability,18,a23c91183b6ddb9e572db5797f7ed99cbc2d392f4a72d9b22997bc9193bb67a5,https://www.nexusmods.com/skyrimspecialedition/mods/84280
37,1FlutedArmor.esl,ESL,Fluted Armor SE,Skyrim.esm;Update.esm;Dawnguard.esm;HearthFires.esm;Dragonborn.esm,ARMO:6;NPC_:1;COBJ:5;WRLD:1;CELL:1;REFR:2;ACHR:1;ARMA:6;OTFT:1,Damage;ActorState;Enemy;Leveling;Durability,8,f400c9f336b27e83aee5a2329270baf825514ce4dbc6f153ee7ae630890e812b,https://www.nexusmods.com/skyrimspecialedition/mods/106381
38,1AncArgArm.esl,ESL,Ancient Argonian Armor SE,Skyrim.esm;Update.esm;Dawnguard.esm;HearthFires.esm;Dragonborn.esm,ARMO:5;CONT:1;COBJ:5;WRLD:1;CELL:3;REFR:6;ARMA:6,Damage;Enemy;Leveling;Durability,6,a0728cba2b836989e936fff18d3e3121de8eccfbb31ee4d97c0ccf1483885622,https://www.nexusmods.com/skyrimspecialedition/mods/100724
39,1SilverArmor.esl,ESL,Silver Armor SE,Skyrim.esm;Update.esm;Dawnguard.esm;HearthFires.esm;Dragonborn.esm,ARMO:6;CONT:1;COBJ:12;WRLD:2;CELL:3;REFR:5;ARMA:7,Damage;Enemy;Leveling;Durability,12,179480afa8af600a9dcc60fd81efbc590f7d526c6a67ba32473cde08b8a060bb,https://www.nexusmods.com/skyrimspecialedition/mods/79088
40,1FS.esl,ESL,Infantry Armor SE,Skyrim.esm;Update.esm;Dawnguard.esm;HearthFires.esm;Dragonborn.esm,ARMO:8;CONT:1;STAT:1;WEAP:1;NPC_:2;COBJ:18;WRLD:1;CELL:2;REFR:1;ACHR:2;ARMA:6;OTFT:2,Damage;ActorState;Enemy;Leveling;Durability,23,86733d4d33c53f0c55ae513214989e4465f4fa6725a23ccaa00fed53f1de659f,https://www.nexusmods.com/skyrimspecialedition/mods/88099
41,1YsmirArmorSE.esl,ESL,Ysmir Armor SE,Skyrim.esm;Update.esm,ARMO:4;CONT:1;COBJ:4;CELL:4;REFR:4;WRLD:1;ARMA:4,Damage;Enemy;Leveling;Durability,5,aece2859aa95a97009ab526d8670a11c0385dac81936beb811419dfc707f225f,https://www.nexusmods.com/skyrimspecialedition/mods/112454
42,ApachiiHair.esm,ESM,Apachii Sky Hair SSE,Skyrim.esm;Update.esm,HDPT:194,,0,8a4399f3ee4948751d4afb96b685815c60bbaf3f25d98a31ecea4060a06ca991,https://www.nexusmods.com/skyrimspecialedition/mods/2014
43,Better Dynamic Snow SE - DisableRefs.esm,ESM,Better Dynamic Snow SE,Skyrim.esm;Update.esm;Dawnguard.esm;HearthFires.esm;Dragonborn.esm,STAT:26;WRLD:1;CELL:11;REFR:33;MATO:3,Enemy;Leveling,3,bb0e21bea391d93bb9b5efe22cb69a387eaa5acb9f5b012214101c612fc29d6c,https://www.nexusmods.com/skyrimspecialedition/mods/122027
44,HammerHair.esp,ESPFE,HammerHair V1.18,Skyrim.esm,HDPT:416,,0,cb9ee383388dcbf147a87c9f6d132f29ac94dfe723a3ff5f4eeeac076c0e21bf,https://www.nexusmods.com/skyrimspecialedition/mods/156562
45,sirwho_Wizard_Hats-Simple.esp,ESP,Wizard Hats,Skyrim.esm,TXST:11;ARMO:22;COBJ:22;ARMA:44,Damage;Durability,44,01caacccfc889b481efd7c110e2db8bd9502e7669f4bf8af877d5efd8c0d12e0,https://www.nexusmods.com/skyrimspecialedition/mods/2385
46,NoviceBoltSpells.esp,ESPFE,Novice Bolt Spells,Skyrim.esm,MGEF:3;SPEL:18;BOOK:6;CELL:1;REFR:2,Class;Damage;ActorState;Enemy;Leveling,12,7981d047c90f91c3f3afbd02b3cf5074539beb0dc04649ededa4eec425d65cd4,https://www.nexusmods.com/skyrimspecialedition/mods/95077
47,COTN Dawnstar - The White Hall.esp,ESPFE,Dawnstar Windpeak Inn and White Hall,Skyrim.esm;HearthFires.esm;Dragonborn.esm;Unofficial Skyrim Special Edition Patch.esp,STAT:1;CELL:2;REFR:1360;ACHR:5;NAVM:1;WRLD:1;LCTN:1,Enemy;Leveling,5,661b023b620344aa8bb8969b07738ecba0ff33e66f7fb1799774d3d0a3e8b51b,https://www.nexusmods.com/skyrimspecialedition/mods/145251
48,cheddars_mashups.esp,ESP,Cheddar's Mashups,Skyrim.esm;Update.esm;Dawnguard.esm;Dragonborn.esm,ARMO:106;COBJ:185;LVLI:1;ARMA:131,Damage;Enemy;Durability,187,f0b58f8b3740634d47c0eac798d7f20b1d9a517e77e75d44501ba410d5a4bc50,https://www.nexusmods.com/skyrimspecialedition/mods/182534
49,Stendarr Rising.esp,ESP,Stendarr Rising - The Hall of the Vigilant Rebuild,Skyrim.esm;Update.esm;Dawnguard.esm;HearthFires.esm;Dragonborn.esm,KYWD:1;TXST:17;GLOB:20;FACT:2;ACTI:6;ARMO:2;BOOK:5;CONT:14;DOOR:2;MISC:35;STAT:175;MSTT:6;FURN:3;NPC_:11;KEYM:2;COBJ:35;LVLI:1;NAVI:1;CELL:14;REFR:3127;ACHR:57;NAVM:17;WRLD:1;LAND:9;DIAL:2;INFO:4;QUST:2;PACK:11;FLST:1;ARMA:2;RELA:8;OTFT:1,Class;Damage;ActorState;Enemy;Leveling;Durability,141,ff20e39c8500e1309d912896af2a9fac7383f4e3dd89341c3a0e1b2b261af753,https://www.nexusmods.com/skyrimspecialedition/mods/49346
50,Arch'sLionMane.esp,ESPFE,Khajiit Lion Mane Wigs n Hair,Skyrim.esm,KYWD:2;HDPT:53;ARMO:10;COBJ:20;ARMA:10,Damage;ActorState;Durability,22,fb319d0ee38e335f38db07c02dc82aeeea7c47467481e0e9f46bd16c430f6798,https://www.nexusmods.com/skyrimspecialedition/mods/71876
51,FirstPersonInteractions.esp,ESPFE,First Person Interactions,Skyrim.esm;Dawnguard.esm;HearthFires.esm;Dragonborn.esm,KYWD:1;TXST:3;GLOB:30;MGEF:1;SPEL:1;QUST:1;ANIO:15;FLST:25;PERK:1;SNDR:4,Class;Damage;ActorState;Enemy;Leveling;Durability,60,cb7d3dd9bea6a43ea2c5eb4569b3e2715ff1d8ed587aee04829b89c6645fbc34,https://www.nexusmods.com/skyrimspecialedition/mods/123129
52,Animated Interactions.esp,ESPFE,Animated Interactions SKSE,Skyrim.esm;Update.esm;Dawnguard.esm;HearthFires.esm;Dragonborn.esm,IDLE:8;ANIO:4,,0,0d4f9b6f1c1757162bdf680e38f855e8e7f95193c42c403fe07034f7a56f095d,https://www.nexusmods.com/skyrimspecialedition/mods/143798
53,SMIM-SE-Merged-All.esp,ESP,Static Mesh Improvement Mod - SMIM,Skyrim.esm;Update.esm;Dawnguard.esm;Dragonborn.esm,TXST:3;CONT:1;STAT:32;CELL:31;REFR:124;WRLD:4;MATO:1,Enemy;Leveling,13,9c509c5dfed71981db7aa129a519ed0defad42daa1fa1debd912e0d7bcfc1869,https://www.nexusmods.com/skyrimspecialedition/mods/659
54,LORKHAN - UI Sound Effects.esp,ESPFE,LORKHAN - Soundtrack Replacer,Skyrim.esm,SNDR:6,,0,09debc9c2cfa1cd27e331d1959932523773b4c5e424236135941464efbd4ecbf,https://www.nexusmods.com/skyrimspecialedition/mods/115096
55,For Honor in Skyrim.esp,ESPFE,For Honor in Skyrim,Skyrim.esm;Update.esm;Dragonborn.esm,KYWD:3;GLOB:3;MGEF:51;ENCH:1;SPEL:48;ACTI:1;PROJ:2;QUST:1;EFSH:2;EXPL:4;PERK:6;IPDS:1;ARTO:4;SNDR:6,Class;Damage;ActorState;Enemy;Leveling;Durability,80,27eacfeab0e1e3f5a1e3897b0db1cd4e2f3423a9a75307b43c1079de5c2ecc2c,https://www.nexusmods.com/skyrimspecialedition/mods/151478
56,ShadowSpellPackage.esp,ESP,Shadow Spell Package,Skyrim.esm;Update.esm;Dawnguard.esm;Dragonborn.esm,KYWD:7;TXST:1;GLOB:10;RACE:2;SOUN:5;MGEF:101;ENCH:20;SPEL:64;SCRL:16;ACTI:1;ARMO:2;BOOK:31;LIGH:6;STAT:6;WEAP:19;NPC_:8;COBJ:18;PROJ:6;HAZD:2;WTHR:3;RFCT:11;CELL:1;REFR:2;DIAL:1;QUST:5;EFSH:15;EXPL:7;IMGS:4;IMAD:11;FLST:68;PERK:14;ADDN:2;IPCT:8;IPDS:6;ARMA:2;ARTO:18;SNDR:26,Class;Damage;ActorState;Enemy;Leveling;Durability,286,5509399ed01fb007c84e2765f90e8983f334f5d52825dc161b2e4bf176764ba0,https://www.nexusmods.com/skyrimspecialedition/mods/13299
57,Shadow Spell Package - Tweaks and Bug Fixes.esp,ESPFE,Shadow Spell Package - Tweaks and Bug Fixes,Skyrim.esm;ShadowSpellPackage.esp,MGEF:31;ENCH:2;SPEL:22;NPC_:3;EFSH:1,Class;Damage;ActorState;Enemy;Leveling;Durability,57,93ada826f48489e19b51684a2934d4e5b5aedbe9a5d9962d6280e438aea18ee6,https://www.nexusmods.com/skyrimspecialedition/mods/78296
58,CompanionsArmorRedone.esp,ESPFE,Companions Wolf Armor Redone,Skyrim.esm;Update.esm;Dawnguard.esm;Dragonborn.esm,ARMO:9;COBJ:6;ARMA:8,Damage;Durability,6,67719b2a454ca73375def609a560b0327bdb450d01b348f6d3e385366687e7d0,https://www.nexusmods.com/skyrimspecialedition/mods/186416
59,Imperial Armors and Weapons Retexture SE - Penitus Pants.esp,ESPFE,Imperial Armors and Weapons Retexture SE,Skyrim.esm,TXST:2;ARMA:1,,0,8778440750ac93d9693117c0b641103a39dc10ced6c17eec998dc6e5728aaf16,https://www.nexusmods.com/skyrimspecialedition/mods/86097
60,Hand Placed Enemies - Light.esp,ESPFE,Hand placed enemies - Light (Populated spawns and dungeons),Skyrim.esm;Update.esm;Dawnguard.esm;HearthFires.esm;Dragonborn.esm,NPC_:17;CELL:267;REFR:235;ACHR:1264;WRLD:9;PACK:2,ActorState;Enemy;Leveling,1246,a43e5c3f3b06c744eb83accc7e4e96b4118d6629f43080b0f4a19a0bbd8ddb67,https://www.nexusmods.com/skyrimspecialedition/mods/91290
61,DaedricArmorRedone.esp,ESP,Daedric Armor Redone,Skyrim.esm,ARMO:12;ARMA:6,Damage;Durability,0,555e0a1e981d72946e722a37bf5097efb35d5e9057ae9b16138fe1595027146a,https://www.nexusmods.com/skyrimspecialedition/mods/190071
62,Rough Leather Armor.esp,ESP,Rough Leather Armor - Unofficial SE Port,Skyrim.esm,ARMO:4;CONT:1;COBJ:8;ARMA:5,Damage;Durability,8,660024ef4960551da38ac97cb3ab857469f4ef3b94ee1c24006a5323b122231e,https://www.nexusmods.com/skyrimspecialedition/mods/23725
63,WSEnhancer.esp,ESP,Window Shadows RT,Skyrim.esm;Update.esm;Dawnguard.esm;Dragonborn.esm,LIGH:2;CELL:450;REFR:1;LGTM:130,Enemy;Leveling,0,b0409a3157539d13dd1c0e0b225ae32ff69f5c61d41f02d5467f69bf8d37aed7,https://www.nexusmods.com/skyrimspecialedition/mods/37831
64,Shadows.esp,ESP,Window Shadows RT Updated,Skyrim.esm;Update.esm;Dawnguard.esm;HearthFires.esm;Dragonborn.esm,TXST:13;LIGH:541;STAT:28;CELL:515;REFR:7661;LGTM:130,Enemy;Leveling,276,9661eaf10a1d8c0dbe0f411c3fb10332660b966ad0a808e6dbd70e34ea46e11f,https://www.nexusmods.com/skyrimspecialedition/mods/111091
65,SwimmingExtensions.esp,ESPFE,Swimming Extensions - Swimming Overhaul (Svimex),Skyrim.esm;Update.esm;Dawnguard.esm;HearthFires.esm;Dragonborn.esm,DIAL:2;INFO:12,,0,7a73145d8ebae0035e0be1c9e81f40100ed80ec36bd360adf7933058462fa760,https://www.nexusmods.com/skyrimspecialedition/mods/189821
66,Obsidian Weathers.esp,ESP,Obsidian Weathers and Seasons,Skyrim.esm;Update.esm;Dawnguard.esm;Dragonborn.esm,GMST:1;GLOB:9;MGEF:1;SPEL:1;LIGH:3;WTHR:86;CLMT:2;SPGD:7;REGN:24;WRLD:1;CELL:5;REFR:783;QUST:1;IMGS:4;IMAD:9;MESG:3;VOLI:23;SNDR:42;LENS:3,Class;Damage;ActorState;Enemy;Leveling,12,1326839c712ec4d634fb063331bcd072f688792be7053b00f3226e1288c3aded,https://www.nexusmods.com/skyrimspecialedition/mods/12125
67,Obsidian Weathers - Patch - Rudy ENB.esp,ESPFE,Rudy ENB SE for Obsidian Weathers - LUX - ELFX,Skyrim.esm;Update.esm;Dawnguard.esm;Dragonborn.esm;Obsidian Weathers.esp,LIGH:3;WTHR:68;SPGD:2;REGN:4;VOLI:19,,0,53df59b68b59f7e16187bb323df03718605b475bb98ec88a333b84c6df8dd742,https://www.nexusmods.com/skyrimspecialedition/mods/4796
68,Merethic Grasslands.esp,ESPFE,Merethic Grasslands - Vanilla - Faultier's - Vanaheimr,Skyrim.esm;Update.esm;Dawnguard.esm;Dragonborn.esm,LTEX:29;GRAS:100,,0,3f958236e84e23ffd00a0e1069991475d7a77d55373e593090295db12422d9ac,https://www.nexusmods.com/skyrimspecialedition/mods/164058
69,Three Hairstyles for Khajiit.esp,ESPFE,Khajiit Aesthetics Compilation - Hair Eyes Fangs,Skyrim.esm,HDPT:6,,0,c63e1ade6abcdb96bf4e8de7d76360183ae9e095208d9bb61ab2778d5f16bc46,https://www.nexusmods.com/skyrimspecialedition/mods/41455
70,KALA_BEAST RACE EYES.esp,ESP,Kala's Eyes- Beast Race Edition Khajiit Argonian,Skyrim.esm,TXST:173;HDPT:444,,0,ce53de1f9cc67fb7b53a3a4248d50c3a871698aea4490f7cc5f972205f11d788,https://www.nexusmods.com/skyrimspecialedition/mods/42298
71,Kala's Beast Eyes - Improved.esp,ESPFE,Kala's Beast Eyes - Improved,Skyrim.esm,TXST:173;HDPT:443,,0,c673ce19a41d13592573d5bb022f056fe7e3bbc121cf4b50159b1193725d5d75,https://www.nexusmods.com/skyrimspecialedition/mods/94485
72,ForswornHeaddressVariants.esp,ESPFE,Forsworn Headdress And Armor Variants,Skyrim.esm;Update.esm;Dawnguard.esm;Dragonborn.esm,TXST:3;ARMO:16;COBJ:18;LVLI:4;ARMA:56;OTFT:1,Damage;Enemy;Durability,22,c431a51501de80b6d22beff89e14e034dfbce59b995b238c1c3dad891a9ba4ad,https://www.nexusmods.com/skyrimspecialedition/mods/136342
73,Ancient_Vampire_Armor.esp,ESPFE,Ancient Vampire Armorset,Skyrim.esm;Update.esm;Dawnguard.esm,ARMO:9;COBJ:18;CELL:1;REFR:9;ARMA:9,Damage;Enemy;Leveling;Durability,18,98ad0d2843b549eaae7703fea6c7119fbffc625926ce8360d2faf6c7a513454e,https://www.nexusmods.com/skyrimspecialedition/mods/138792
74,FaceMasksOfSkyrim.esp,ESPFE,Face Masks of Skyrim Redux (Orcs - HD - SPID-KEF),Skyrim.esm;Update.esm;Dragonborn.esm,KYWD:2;TXST:8;ARMO:16;COBJ:16;LVLI:1;ARMA:64,Damage;ActorState;Enemy;Durability,34,04704df470db7f714a5cfe70c0c0c276a2100504ee87926038e84d0c878f0b13,https://www.nexusmods.com/skyrimspecialedition/mods/189120
75,BeastHHBB.esp,ESPFE,BeastHHBB,Skyrim.esm;Update.esm;Dawnguard.esm;HearthFires.esm;Dragonborn.esm;Unofficial Skyrim Special Edition Patch.esp,TXST:15;HDPT:1186;NPC_:66;OTFT:3,ActorState;Enemy;Leveling,23,d30ed8ead39e26e6d7116e1efa9c748ada8a94f5679fc5663905fc9544e58e9a,https://www.nexusmods.com/skyrimspecialedition/mods/38480
76,KabuArgonianFins.esp,ESPFE,Kabu's Argonian Fins,Skyrim.esm;Update.esm,HDPT:153,,0,e1cecbd3e00058375d9f1d790a5f16e36149cae66510ac02fa028aa96c4fe28e,https://www.nexusmods.com/skyrimspecialedition/mods/65428
77,BetterArgonianHorns.esp,ESPFE,Better Argonian Horns,Skyrim.esm;Update.esm,HDPT:76;NPC_:17,ActorState;Enemy;Leveling,17,16e160cef26114fd7790f3554534a357f72238cd3490d404faccdffc6ee72b65,https://www.nexusmods.com/skyrimspecialedition/mods/80568
78,KabuArgonianFins - Better Argonian Horns Patch.esp,ESPFE,Kabu's Argonian Fins,Skyrim.esm;KabuArgonianFins.esp;BetterArgonianHorns.esp,HDPT:57,,0,066a9416520a9602341159926efab039bb4df9c64d3f78714abf5170c54fd985,https://www.nexusmods.com/skyrimspecialedition/mods/65428
79,DawnguardArsenal.esp,ESP,Dawnguard Arsenal SSE,Skyrim.esm;Update.esm;Dawnguard.esm,TXST:1;CLAS:2;MGEF:14;SPEL:6;BOOK:4;CONT:3;LIGH:5;STAT:10;WEAP:14;NPC_:14;COBJ:28;PROJ:5;HAZD:6;LVLI:6;CELL:2;ACHR:8;REFR:19;WRLD:1;QUST:2;LSCR:1;EXPL:3;FLST:1;PERK:1;IPCT:7;IPDS:5;ARMA:1;OTFT:2;SNDR:2,Class;Damage;ActorState;Enemy;Leveling;Durability,63,d49ae623963ad031cf56c251380cd1035e7a6b2b4c1e8e4f6f93e62d791cf200,https://www.nexusmods.com/skyrimspecialedition/mods/25094
80,ClefJ's Fort Dawnguard.esp,ESPFE,ClefJ's Fort Dawnguard,Skyrim.esm;Update.esm;Dawnguard.esm,TXST:1;STAT:28;MSTT:1;REGN:1;NAVI:1;CELL:19;REFR:2933;ACHR:16;NAVM:20;WRLD:1;LAND:15;LCTN:1,Enemy;Leveling,2,84abeed06cc4ecbc43117181b2cb9ee6e19a29d5b176ea88663ed62a4432b160,https://www.nexusmods.com/skyrimspecialedition/mods/33044
81,dawnguardRobes.esp,ESPFE,Dawnguard Robes,Skyrim.esm;Update.esm;Dawnguard.esm,TXST:2;ENCH:1;ARMO:4;COBJ:4;ARMA:3;OTFT:1,Damage;ActorState;Enemy;Durability,9,127a5984358c3aae640541c8d729ae7d7dd61c3f04e605d20a9d582da32bf855,https://www.nexusmods.com/skyrimspecialedition/mods/169034
82,BVFE.esp,ESP,Fangs and Eyes - A Vampire Appearance Mod,Skyrim.esm;Update.esm;Dawnguard.esm;HearthFires.esm;Dragonborn.esm,TXST:24;HDPT:48,,0,43205137bfbf051c2a1ebcfb31b72aff5a6109f9e1b07a0430a8efa0316ab754,https://www.nexusmods.com/skyrimspecialedition/mods/6842
83,Dawnguard Hoods.esp,ESP,Dawnguard Hoods,Skyrim.esm;Update.esm;Dawnguard.esm,KYWD:3;GLOB:8;ARMO:2;CONT:1;COBJ:4;WRLD:1;CELL:1;REFR:2;ARMA:1,Class;Damage;ActorState;Enemy;Leveling;Durability,8,f34eb3ff8c5f1b2f4f156ba672023a89a51043cf399a76329afa4909e8212587,https://www.nexusmods.com/skyrimspecialedition/mods/35209
84,fixLOD.esp,ESPFE,LOD Unloading Bug Fix,,MISC:1;CELL:1;REFR:2;QUST:1,ActorState;Enemy;Leveling,2,7895c134062fbd8f39d6aed638051185cbf77b193cbfd2e4172cbf60974f4ec0,https://www.nexusmods.com/skyrimspecialedition/mods/61251
85,Nordic Ruins of Skyrim.esp,ESP,Nordic Ruins of Skyrim SSE,Skyrim.esm;Update.esm,STAT:1;NAVI:1;WRLD:1;CELL:92;REFR:552;NAVM:155;LAND:4,Enemy;Leveling,70,d93992e8f6563e41486e1ffc82d0fa151cb883e587f59ca13c9d56f6540be513,https://www.nexusmods.com/skyrimspecialedition/mods/20382
86,B&BArmorScaling.esp,ESPFE,Blade and Blunt - Armor Rating Scaling Standalone,Skyrim.esm,GMST:3,Damage,0,bb665c0d8a7afc52cff07832c498847b879b1515b004f6bf333d9b0879b08b82,https://www.nexusmods.com/skyrimspecialedition/mods/127230
87,dD-No Spinning Death Animation.esp,ESPFE,UNDERDOG Death Animations OAR - DAR,Skyrim.esm,IDLE:8,,0,4735521d93758267d1ac03e2fdd6fd07ad6bae57e923dbaff0cce6df32113338,https://www.nexusmods.com/skyrimspecialedition/mods/108489
88,evgCLAMBER.esp,ESPFE,EVG CLAMBER - Slope Animations,Skyrim.esm,GLOB:14;QUST:1,Class;ActorState;Enemy;Leveling,15,1e52b2f36fa4015bc6eb1d497761ac07ef0ad6359b77f8a11c58a1f9f3f6e597,https://www.nexusmods.com/skyrimspecialedition/mods/114753
89,EnemyModsTheIsolatedApothecary.esp,ESP,The Isolated Apothecary,Skyrim.esm;Update.esm;Dawnguard.esm;HearthFires.esm;Dragonborn.esm,BOOK:3;CONT:11;DOOR:1;LIGH:3;STAT:211;MSTT:1;FURN:14;NAVI:1;CELL:9;ACHR:8;REFR:1232;NAVM:10;WRLD:1;LAND:4;IMGS:1;LGTM:1;MUSC:1;MUST:1,Enemy;Leveling,10,6bf57c1958b1d98ab94b90181f882f6cb89d9b7f9d0ee3094de7db2ed7f96f6b,https://www.nexusmods.com/skyrimspecialedition/mods/182912
90,Alchemist Outfit Variations.esp,ESPFE,Styles of Skyrim - Alchemist Outfit Variations,Skyrim.esm;Update.esm;Dawnguard.esm;HearthFires.esm;Dragonborn.esm;ccvsvsse003-necroarts.esl,TXST:23;ARMO:27;COBJ:24;LVLI:5;ARMA:39;OTFT:17,Damage;Enemy;Durability,56,d129930f7c3547178c4655f83d05f49969f93b1a932813db8083d9c78276269d,https://www.nexusmods.com/skyrimspecialedition/mods/128147
91,Divine Elegance No Store.esp,ESPFE,Divine Elegance No Store,Skyrim.esm;Apachii_DivineEleganceStore.esm;Update.esm,WRLD:1;CELL:8;REFR:110;NAVM:7,Enemy;Leveling,0,8400556c93d600ab1c1dcf7f1b441c8b014b74f33033c06a64e32829dacf5dc6,https://www.nexusmods.com/skyrimspecialedition/mods/146939
92,Apachii_DivineEleganceStore_Patch.esp,ESP,Apachii Divine Elegance Store,Skyrim.esm;Update.esm;Dawnguard.esm;Apachii_DivineEleganceStore.esm,RACE:21;NAVI:1;WRLD:1;CELL:8;NAVM:6;REFR:7,Class;Damage;ActorState;Enemy;Leveling,0,03849f950ce337a1e8f932825935a0d32bfb5353a5df70031ab020cef2c91525,https://www.nexusmods.com/skyrimspecialedition/mods/9213
93,Apachii_DivineEleganceStore_Dawnguard_Patch.esp,ESP,Apachii Divine Elegance Store,Skyrim.esm;Update.esm;Dawnguard.esm;Apachii_DivineEleganceStore.esm,RACE:21;NAVI:1;WRLD:1;CELL:8;NAVM:6;REFR:7,Class;Damage;ActorState;Enemy;Leveling,3,fc9e6e6689e1a3b05c1695f0837f7ae0010eb73069873653cb679e5277779308,https://www.nexusmods.com/skyrimspecialedition/mods/9213
94,Unmarked Locations Pack - All In One.esp,ESP,Unmarked Locations Pack - All In One,Skyrim.esm;Update.esm;Dawnguard.esm;HearthFires.esm;Dragonborn.esm,SOUN:5;SPEL:4;ACTI:70;ARMO:2;BOOK:30;CONT:19;DOOR:2;MISC:8;STAT:36;MSTT:1;FURN:3;NPC_:25;KEYM:5;ALCH:3;NAVI:1;CELL:283;REFR:5220;NAVM:1;ACHR:61;WRLD:6;LAND:12;MESG:71;SHOU:1;SNDR:9,Class;Damage;ActorState;Enemy;Leveling;Durability,280,89c6f78ef564f7d0a5755243a41ef1a448df2f882df5bed8e5f9fcb1281b633d,https://www.nexusmods.com/skyrimspecialedition/mods/113660
95,UniqueDragonPriests_XB.esp,ESPFE,Dragon Priests Retexture SE,Skyrim.esm,ARMO:9;ARMA:9,Damage;Durability,9,dfe92bbffd2a7bec9fee842489495a33ca5236b65ec4b11cb3bef47ce04c8ee7,https://www.nexusmods.com/skyrimspecialedition/mods/101101
96,DragonPriestArmor.esp,ESP,Armory of the Dragon Cult - Dragon Priest Armor,Skyrim.esm;Update.esm;Dawnguard.esm;Dragonborn.esm,KYWD:1;TXST:2;ARMO:123;CONT:1;COBJ:252;CELL:1;REFR:1;QUST:1;ARMA:69;SMQN:1,Damage;ActorState;Enemy;Leveling;Durability,294,ebe3fd1c4c4263d8a4d59223473bcd7c3e8f4dba34f033b33026e2c828b8ed30,https://www.nexusmods.com/skyrimspecialedition/mods/94244
97,Rudy Nordic Pottery SSE.esp,ESP,Rudy HQ - Miscellaneous SE,Skyrim.esm,TXST:1;MISC:1,,0,1ad55fb82d6538bec2ab15596323b590fd1444e0e48d5a8a222ad3ca67f08647,https://www.nexusmods.com/skyrimspecialedition/mods/19867
98,Vision of Skyrim II.esp,ESPFE,Elemental Vision II,Skyrim.esm;Update.esm;Dragonborn.esm;Dawnguard.esm,KYWD:8;TXST:21;MGEF:23;ENCH:8;ARMO:50;LVLI:8;PERK:4;ARMA:50,Class;Damage;ActorState;Enemy;Durability,94,6ca58614a224ba042cdbd9b7886d60f3206d37d0356c216e7fdefa5a81389c93,https://www.nexusmods.com/skyrimspecialedition/mods/120246
99,Kyoe BanginBrows.esp,ESP,Kyoe's Bang'n Brows,Skyrim.esm;Update.esm,TXST:22;HDPT:22,,0,239eab0f7c7f2fa88c52b3a7a6ca1ea32b53be6e47ed20ca64eeb16662bbe028,https://www.nexusmods.com/skyrimspecialedition/mods/13630
100,KS_Hairdo's_Lite_NoNPCs.esp,ESP,KS Hairdos Lite SE,Skyrim.esm;Update.esm;Dragonborn.esm;Dawnguard.esm,HDPT:92,,0,3dc7ac33b2e1dbbb150e0ae080177ba4858609c0677a779fe65b9e0fe0580787,https://www.nexusmods.com/skyrimspecialedition/mods/1932
101,Beards of Power.esp,ESPFE,Beards of Power,Skyrim.esm,HDPT:486,,0,6e09201b0fd6557620fae77b714b2ed21c34dbe86d0f979fd1a044606f9a1971,https://www.nexusmods.com/skyrimspecialedition/mods/42635
102,Even More Eyes.esp,ESPFE,Even More Eyes by Koralina,Skyrim.esm,TXST:73;HDPT:144,,0,15e4afc9cffbf86bee1efb56ab5477126b29b175d20bc8dd7e6e5f7eafbdf0cd,https://www.nexusmods.com/skyrimspecialedition/mods/80477
103,Shadow Clone on Self.esp,ESPFE,Shadow Clone on Self - Illusion Spell,Skyrim.esm;Dawnguard.esm,GLOB:1;RACE:1;MGEF:6;SPEL:4;ARMO:1;BOOK:1;NPC_:2;LVLI:2;CSTY:1;FLST:1;PERK:10;ARMA:1;MESG:2;OTFT:1,Class;Damage;ActorState;Enemy;Leveling;Durability,26,fdb105f41bca3951f4a9b4825f48e279f7ceecfe20e6267d6793d08944367a6e,https://www.nexusmods.com/skyrimspecialedition/mods/139138
104,TaberuAnimation.esp,ESP,Eating Animations and Sounds SE,Skyrim.esm;Update.esm;Dawnguard.esm;HearthFires.esm;Dragonborn.esm,KYWD:103;GLOB:4;MGEF:100;SPEL:99;ALCH:1;QUST:2;ANIO:175;MESG:1;SNDR:61,Class;Damage;ActorState;Enemy;Leveling;Durability,309,56375d10505ce55d76c6e4001285d33b7ef1086a4fbdc725adc432dca880a11a,https://www.nexusmods.com/skyrimspecialedition/mods/42602
105,Disable Kill Cam and Kill Moves.esp,ESPFE,Disable Kill Cam And Kill Moves,Skyrim.esm;Update.esm;Dragonborn.esm,GLOB:1;IDLE:84;CSTY:1;CPTH:1,Class;Enemy;Leveling,1,aad0aac48c3df6d7ba90eb5d00aa3de56a737adec81de9af6cd1921f3a9fae89,https://www.nexusmods.com/skyrimspecialedition/mods/111190
106,Hammet's Dungeon Pack + North Keep Patch.esp,ESPFE,SupportEgirl's Patch Hub,Skyrim.esm;Update.esm;Dawnguard.esm;HearthFires.esm;Dragonborn.esm;HammetDungeon01.esm,CELL:3;REFR:9;WRLD:1;LAND:1,Enemy;Leveling,1,e9416ed65b8476a0c29bd7009a28dc03948ba4238daee5f0bf15cf4c28fa4839,https://www.nexusmods.com/skyrimspecialedition/mods/46105
107,TerrainHelper.esp,ESPFE,AETHERIUS - CUSTOM SETTINGS,,TXST:1,,0,937b23941750cd871ce8759c15a982cde40ea354e0c3bc793516949604ca5171,LOCAL: no public mod ID recorded
108,Cloaks&Capes.esp,ESP,Cloaks and Capes,Skyrim.esm;Update.esm;Dawnguard.esm,KYWD:23;TXST:25;ARMO:25;COBJ:25;ARMA:25,Damage;ActorState;Durability,50,2e27624dc6a0123a16fa6d78bcd794185d1debba51cffca1593d2aebd39f86ff,https://www.nexusmods.com/skyrimspecialedition/mods/2019
109,ToosTruus Choice for RASS - Glowing Shader Fix.esp,ESPFE,ToosTruus Choice for R.A.S.S,Skyrim.esm;RASS - Visual Effects.esl,EFSH:2,,0,5f9e42d3700c01077c7bcde8601965ca9c823901bead628a28252d46200a1b0d,https://www.nexusmods.com/skyrimspecialedition/mods/59740
110,MoonsAndStars.esp,ESPFE,Moons and Stars - Sky Overhaul SKSE,Skyrim.esm,GMST:9,Damage,0,a6a31ae2a91d588a190992f6c09857ce71e72ee7e2b1c499494ad1c93d1ccafc,https://www.nexusmods.com/skyrimspecialedition/mods/73336
111,Vernim Wood.esp,ESP,Vernim Wood,Skyrim.esm;Update.esm;Dawnguard.esm;HearthFires.esm;Dragonborn.esm,TXST:3;GLOB:4;FACT:18;ACTI:3;ARMO:1;BOOK:3;CONT:5;MISC:8;STAT:31;WEAP:3;NPC_:37;LVLN:2;KEYM:6;LVLI:6;NAVI:1;CELL:45;REFR:3234;ACHR:68;NAVM:78;WRLD:1;LAND:16;DIAL:289;INFO:408;QUST:15;PACK:40;FLST:8;LCTN:10;MESG:2;SMQN:2;DLBR:155;DLVW:18;RELA:13;SCEN:3;OTFT:2,Class;Damage;ActorState;Enemy;Leveling;Durability,183,f41a7c1778efc3e47a7709b2c51cd3f920d8ac29de8b617cccc700b2e70d248d,https://www.nexusmods.com/skyrimspecialedition/mods/79036
112,Vernim Wood Ownership Flagged.esp,ESPFE,SupportEgirl's Patch Hub,Skyrim.esm;Vernim Wood.esp,WRLD:1;CELL:1;REFR:51,Enemy;Leveling,0,6032c0955865a9a855b152dcbd0e45703ae977e5095c68c00d472dba6de82430,https://www.nexusmods.com/skyrimspecialedition/mods/46105
113,Sunthgat.esp,ESP,Sunthgat,Skyrim.esm;Update.esm;Dawnguard.esm;HearthFires.esm;Dragonborn.esm,TXST:2;FACT:4;CONT:1;MISC:1;STAT:3;WEAP:1;NPC_:6;KEYM:3;NAVI:1;CELL:13;REFR:632;ACHR:5;NAVM:15;WRLD:1;LAND:4;DIAL:13;INFO:13;QUST:4;PACK:9;FLST:4;LCTN:5;SMQN:1;DLBR:10;DLVW:4;RELA:1;OTFT:1,Damage;ActorState;Enemy;Leveling;Durability,28,357877750ace9e936f61e2c3e21e278b75deac2869f7af50564cc7bf16a18885,https://www.nexusmods.com/skyrimspecialedition/mods/55343
114,Reich Corigate.esp,ESP,Reich Corigate,Skyrim.esm;Update.esm;Dawnguard.esm,TXST:7;FACT:11;BOOK:1;CONT:5;DOOR:7;STAT:125;FURN:1;NPC_:35;KEYM:8;NAVI:1;CELL:40;REFR:3034;ACHR:43;NAVM:51;WRLD:2;LAND:14;PACK:42;FLST:11;LCTN:15;RELA:13;OTFT:4,ActorState;Enemy;Leveling,135,2216752d0a48169cc3b7c2d9197d0af5b458b5f091a92ff46e5dff785bc4dd2c,https://www.nexusmods.com/skyrimspecialedition/mods/58214
115,New Weynon.esp,ESP,New Weynon,Skyrim.esm;Update.esm;Dawnguard.esm;HearthFires.esm;Dragonborn.esm,TXST:1;FACT:8;ENCH:1;ARMO:1;BOOK:2;CONT:4;MISC:2;STAT:11;WEAP:1;NPC_:8;KEYM:5;LVLI:1;NAVI:1;CELL:20;REFR:683;ACHR:8;NAVM:24;WRLD:1;LAND:4;DIAL:20;INFO:26;QUST:5;PACK:4;FLST:4;LCTN:7;SMQN:1;DLBR:15;DLVW:5;RELA:1,Damage;ActorState;Enemy;Leveling;Durability,48,5d7e43a9bed01c0f2f6982d1691fc2c3a54a8433f4d15de2015b985d61809b99,https://www.nexusmods.com/skyrimspecialedition/mods/90041
116,Neugrad.esp,ESP,Neugrad,Skyrim.esm;Update.esm;Dawnguard.esm;HearthFires.esm;Dragonborn.esm,KYWD:2;TXST:5;GLOB:2;FACT:20;MGEF:4;ENCH:4;SPEL:6;ACTI:2;ARMO:3;BOOK:5;CONT:7;MISC:7;STAT:33;WEAP:7;NPC_:49;KEYM:9;PROJ:1;LVLI:5;NAVI:1;CELL:78;REFR:5225;ACHR:102;NAVM:97;WRLD:3;LAND:47;PGRE:1;DIAL:171;INFO:208;QUST:26;PACK:65;FLST:6;ARMA:1;LCTN:16;MESG:1;SMQN:1;DLBR:87;DLVW:28;RELA:10;SCEN:1;OTFT:5,Class;Damage;ActorState;Enemy;Leveling;Durability,283,b897b02d52a0afe69bd1220e841917e5660d539462dc47e3d83a34976a7d6499,https://www.nexusmods.com/skyrimspecialedition/mods/92376
117,Neugrad Ownership Flagged.esp,ESPFE,SupportEgirl's Patch Hub,Skyrim.esm;Neugrad.esp,WRLD:1;CELL:1;REFR:16,Enemy;Leveling,0,d82166dea810d8afbb87e093b86880321b7629275e816b508e303750949a6ca7,https://www.nexusmods.com/skyrimspecialedition/mods/46105
118,Laintar Dale.esp,ESP,Laintar Dale,Skyrim.esm;Update.esm;Dawnguard.esm;HearthFires.esm;Dragonborn.esm,TXST:6;FACT:13;CONT:5;DOOR:1;STAT:102;MSTT:3;FURN:1;NPC_:27;KEYM:9;NAVI:1;CELL:35;REFR:2248;ACHR:34;NAVM:67;WRLD:1;LAND:17;DIAL:51;INFO:90;QUST:8;PACK:39;FLST:9;LCTN:11;SMQN:1;DLBR:50;DLVW:10;RELA:12;OTFT:3,ActorState;Enemy;Leveling,117,e7fdf98a21eff9cbe0bdd4a71e30d0161848137e1cdb4e6199945287f447f5fa,https://www.nexusmods.com/skyrimspecialedition/mods/75768
119,Laintar Dale Rock Fix.esp,ESPFE,SupportEgirl's Patch Hub,Skyrim.esm;Update.esm;Dawnguard.esm;HearthFires.esm;Dragonborn.esm;Laintar Dale.esp,WRLD:1;CELL:1;REFR:2,Enemy;Leveling,1,a1eb334149d8c07b64e561fabe756943a0737c6b17a82a84dafe8b3de592523a,https://www.nexusmods.com/skyrimspecialedition/mods/46105
120,Lainalten.esp,ESP,Lainalten,Skyrim.esm;Update.esm;Dragonborn.esm,TXST:2;FACT:7;CONT:2;STAT:33;MSTT:1;NPC_:10;KEYM:3;NAVI:1;CELL:20;REFR:618;ACHR:16;NAVM:40;WRLD:1;LAND:9;PACK:8;FLST:4;LCTN:7;RELA:2,ActorState;Enemy;Leveling,46,0662fce098a3d8e28cbd2c7247ffd8302299caa326db452c0eee802a000379a5,https://www.nexusmods.com/skyrimspecialedition/mods/61422
121,Iggath.esp,ESP,Iggath,Skyrim.esm;Update.esm;Dawnguard.esm;HearthFires.esm;Dragonborn.esm,FACT:6;CONT:2;STAT:6;NPC_:7;KEYM:3;NAVI:1;CELL:16;REFR:690;ACHR:10;NAVM:13;WRLD:1;LAND:11;DIAL:10;INFO:10;QUST:2;PACK:11;FLST:3;LCTN:4;SMQN:1;DLBR:8;DLVW:2;RELA:4,ActorState;Enemy;Leveling,37,1a2601546ff3fdefe75fa3e632594873207babe43a8c3a8ffb5d0de8807c0ce5,https://www.nexusmods.com/skyrimspecialedition/mods/75157
122,Greymoor.esp,ESP,Greymoor,Skyrim.esm;Update.esm;Dawnguard.esm;HearthFires.esm;Dragonborn.esm,TXST:1;FACT:6;ARMO:1;CONT:2;MISC:1;STAT:1;WEAP:1;NPC_:7;KEYM:3;NAVI:1;CELL:18;REFR:886;NAVM:22;ACHR:13;WRLD:1;LAND:9;DIAL:20;INFO:32;QUST:4;PACK:9;FLST:2;LCTN:5;SMQN:1;DLBR:8;DLVW:3;RELA:1,Damage;ActorState;Enemy;Leveling;Durability,39,c3da279b0ca5e74ce2688b4693cf6cf1529861a91d982e7771e73e197131d2dd,https://www.nexusmods.com/skyrimspecialedition/mods/80824
123,Granitehall.esp,ESP,Granitehall,Skyrim.esm;Update.esm;Dragonborn.esm,TXST:4;FACT:8;BOOK:1;CONT:3;STAT:71;FURN:2;NPC_:18;KEYM:5;NAVI:1;CELL:21;REFR:1408;ACHR:20;NAVM:40;WRLD:1;LAND:9;PACK:20;FLST:7;LCTN:8;RELA:12;OTFT:1,ActorState;Enemy;Leveling,65,e2bb30f7370ceb335f142c9d4b18aa18b30665fef184ea0c535b5498835c2fc1,https://www.nexusmods.com/skyrimspecialedition/mods/57180
124,Granite Hill.esp,ESP,Granite Hill Village,Skyrim.esm;Update.esm;Dawnguard.esm;HearthFires.esm;Dragonborn.esm,TXST:4;FACT:12;MGEF:1;ENCH:3;ARMO:2;BOOK:5;CONT:4;MISC:5;STAT:95;MSTT:2;FURN:1;WEAP:1;NPC_:31;KEYM:11;LVLI:3;NAVI:1;CELL:34;REFR:2643;ACHR:36;NAVM:64;WRLD:1;LAND:12;DIAL:86;INFO:106;QUST:18;PACK:26;FLST:12;LCTN:14;SMQN:1;DLBR:42;DLVW:15;RELA:7;OTFT:2,Damage;ActorState;Enemy;Leveling;Durability,135,ba80e9d4fc721bec37bc421683136e1884b4d4c2f494b3f8149f56f68875fdd4,https://www.nexusmods.com/skyrimspecialedition/mods/58335
125,Falkhurst.esp,ESP,Falkhurst,Skyrim.esm;Update.esm;Dawnguard.esm;HearthFires.esm;Dragonborn.esm,TXST:2;GLOB:9;FACT:10;ENCH:2;ARMO:1;CONT:2;MISC:6;STAT:4;WEAP:2;NPC_:9;KEYM:4;ALCH:3;LVLI:2;NAVI:1;CELL:22;REFR:953;ACHR:10;NAVM:23;WRLD:1;LAND:5;DIAL:158;INFO:196;QUST:20;PACK:10;FLST:3;LCTN:6;SMQN:2;DLBR:68;DLVW:14;RELA:5;SCEN:8;OTFT:2,Class;Damage;ActorState;Enemy;Leveling;Durability,86,71d9442f145c5d75be1982467d4e1786dffd7974438589c2ec5159c8cfba8c4d,https://www.nexusmods.com/skyrimspecialedition/mods/160213
126,Dunpar Wall.esp,ESP,Dunpar Wall,Skyrim.esm;Update.esm;Dragonborn.esm,TXST:8;FACT:10;ENCH:1;BOOK:2;CONT:4;STAT:88;MSTT:1;WEAP:1;NPC_:22;KEYM:7;NAVI:1;CELL:21;REFR:1925;ACHR:30;NAVM:37;WRLD:1;LAND:4;PACK:19;FLST:7;LCTN:9;RELA:4;OTFT:1,Damage;ActorState;Enemy;Leveling;Durability,83,c3d6cc67c1f4ccc683820a267d0ceb1bb0a8f16c5f4cd1fe06ffd8ff0d267550,https://www.nexusmods.com/skyrimspecialedition/mods/60728
127,Cracked Tusk Stronghold Lite.esp,ESPFE,Cracked Tusk Keep,Skyrim.esm;Update.esm;Dawnguard.esm;HearthFires.esm;Dragonborn.esm,STAT:1;NAVI:1;WRLD:1;CELL:11;REFR:988;LAND:9;NAVM:15;ACHR:4;LCTN:1,Enemy;Leveling,12,0b41ce1809b75c789964e135e0dd6395c8ab18cc8317bb8570006c151a8d3c55,https://www.nexusmods.com/skyrimspecialedition/mods/114566
128,Stonehills.esp,ESP,Stonehills,Skyrim.esm;Update.esm;Dawnguard.esm;HearthFires.esm;Dragonborn.esm,TXST:6;FACT:8;CONT:2;DOOR:1;STAT:58;MSTT:1;NPC_:11;KEYM:5;NAVI:1;CELL:22;REFR:1373;ACHR:14;NAVM:46;WRLD:1;LAND:11;PACK:15;FLST:4;LCTN:6;RELA:4;OTFT:2,ActorState;Enemy;Leveling,45,7dcc681e882718611d6557e5238d2cd913d7b9f0c3c9bc040e3399dbd760f141,https://www.nexusmods.com/skyrimspecialedition/mods/76508
129,Amol Village.esp,ESP,Amol Village,Skyrim.esm;Update.esm;Dawnguard.esm;HearthFires.esm;Dragonborn.esm,TXST:5;FACT:9;ENCH:1;ARMO:1;CONT:4;INGR:1;MISC:1;STAT:66;WEAP:1;NPC_:14;KEYM:7;ALCH:1;NAVI:1;CELL:17;REFR:1224;ACHR:15;NAVM:19;WRLD:1;LAND:8;DIAL:30;INFO:31;QUST:6;PACK:18;FLST:5;LCTN:6;SMQN:1;DLBR:17;DLVW:6;RELA:2;OTFT:1,Damage;ActorState;Enemy;Leveling;Durability,58,9c5d3b9ed39e514809e9cefe7cff83f8710a60ea248525fbcf8bff5ad3e7b958,https://www.nexusmods.com/skyrimspecialedition/mods/75264
130,Amber Guard.esp,ESP,Amber Guard,Skyrim.esm;Update.esm;Dawnguard.esm;HearthFires.esm;Dragonborn.esm,TXST:17;FACT:12;MGEF:10;ENCH:4;SPEL:2;ACTI:7;ARMO:6;BOOK:8;CONT:5;DOOR:5;MISC:5;STAT:132;MSTT:2;FURN:1;WEAP:6;NPC_:46;KEYM:16;ALCH:2;LVLI:5;NAVI:1;CELL:76;REFR:6075;NAVM:116;ACHR:100;WRLD:1;LAND:31;DIAL:239;INFO:319;QUST:20;PACK:69;EFSH:1;FLST:13;PERK:3;LCTN:22;MESG:1;SMQN:1;DLBR:150;DLVW:18;RELA:24;SCEN:2;OTFT:5,Class;Damage;ActorState;Enemy;Leveling;Durability,280,2a19c0894a1a0bc5420c1a54918fe8c92d77bd2dea41eed5537e2975a1ac7239,https://www.nexusmods.com/skyrimspecialedition/mods/55564
131,AnotherOakwood.esp,ESP,Oakwood,Skyrim.esm;Update.esm;Dawnguard.esm;HearthFires.esm;Dragonborn.esm,TXST:14;FACT:14;CONT:5;DOOR:2;STAT:140;MSTT:1;FURN:1;NPC_:41;KEYM:12;NAVI:1;CELL:42;REFR:3346;ACHR:50;NAVM:90;WRLD:1;LAND:17;PACK:46;FLST:12;LCTN:15;RELA:28;OTFT:3,ActorState;Enemy;Leveling,139,e29668024dc76c1dfb8e3724448522ae1b8853815cc221c5f0024e433d2b2264,https://www.nexusmods.com/skyrimspecialedition/mods/61007
132,Lillemyr.esp,ESPFE,Lillemyr,Skyrim.esm;Update.esm;HearthFires.esm,TXST:2;FACT:4;CONT:2;STAT:3;NPC_:5;NAVI:1;WRLD:1;CELL:13;REFR:667;LAND:4;NAVM:12;ACHR:4;DIAL:67;INFO:79;QUST:15;PACK:9;LCTN:1;SMQN:2;DLBR:20;DLVW:5;RELA:1;SCEN:10,ActorState;Enemy;Leveling,28,e543a6398bb2423c9e0e907c7f3d02c103c96887e45bbeaf690596b1110c8bba,https://www.nexusmods.com/skyrimspecialedition/mods/163760
133,North Keep.esp,ESP,Northkeep,Skyrim.esm;Update.esm;Dawnguard.esm;HearthFires.esm;Dragonborn.esm,TXST:4;FACT:10;MGEF:1;SPEL:1;ACTI:1;BOOK:1;CONT:3;DOOR:2;STAT:17;MSTT:2;FURN:1;NPC_:25;KEYM:5;NAVI:1;CELL:20;REFR:2238;NAVM:25;ACHR:26;WRLD:1;LAND:8;DIAL:197;INFO:269;QUST:38;PACK:37;FLST:4;LCTN:9;MESG:1;SMQN:2;DLBR:68;DLVW:18;RELA:12;SCEN:25;OTFT:2,Class;Damage;ActorState;Enemy;Leveling,120,f3cf4a95e722fb04d86546fadffb7d094cc9106c56e410d4773be88747a3621d,https://www.nexusmods.com/skyrimspecialedition/mods/165638
134,North Keep Ownership Flagged.esp,ESPFE,SupportEgirl's Patch Hub,Skyrim.esm;HearthFires.esm;North Keep.esp,CELL:3;WRLD:1;REFR:65,Enemy;Leveling,3,e3dadfd334af67d087124bbc7404e7b917c9318f05125faa3cd42c20a9ad9479,https://www.nexusmods.com/skyrimspecialedition/mods/46105
135,SekiroCombat_II.esp,ESP,Sekiro Combat S - Sparks only and sound fixes,Skyrim.esm;Update.esm;Dawnguard.esm;HearthFires.esm;Dragonborn.esm,MGEF:1;SPEL:1;ACTI:1;QUST:1;EXPL:4;SNDR:1,Class;Damage;ActorState;Enemy;Leveling,3,06c3354579e7dc02a72123443f4f37570659a1e752e61daf143f01759beab79f,https://www.nexusmods.com/skyrimspecialedition/mods/119813
136,DynamicBlockHit.esp,ESPFE,Dynamic Block Hit,Skyrim.esm;Update.esm;Dawnguard.esm;HearthFires.esm;Dragonborn.esm,MGEF:2;SPEL:2;QUST:1;PERK:1,Class;Damage;ActorState;Enemy;Leveling,6,c1d790e54006f2309e7824df1b79947de9f5e9a64fad3ddd751cf73a24e40320,https://www.nexusmods.com/skyrimspecialedition/mods/100570
137,DynamicWindSkyrim.esp,ESPFE,Dynamic Wind - Skyrim,Skyrim.esm;Update.esm;Dawnguard.esm;HearthFires.esm;Dragonborn.esm,MSTT:41,,0,9ac88c3a777308fc05c9979a286e8e8335163290c2ca03f785485ed4de377b1c,https://www.nexusmods.com/skyrimspecialedition/mods/177024
138,VampireClaws.esp,ESPFE,Diverse NPC Movesets,Skyrim.esm;Dawnguard.esm;Dragonborn.esm,MGEF:6;SPEL:6;EFSH:4,Class;Damage;ActorState,12,dfb8c95ee8e2ea0500aa5753d4df651153685a2945c2289140187d7d19bbca6c,https://www.nexusmods.com/skyrimspecialedition/mods/141893
139,UltimateEbonyWarrior.esp,ESPFE,Diverse NPC Movesets,Skyrim.esm;Dawnguard.esm,KYWD:7;MGEF:15;SPEL:13;PROJ:1;EFSH:1;EXPL:2;PERK:2;ARTO:1,Class;Damage;ActorState;Durability,37,413dded943da3c823ecc0705dca9a59b151071b7230724dd5a4043b58ff3389f,https://www.nexusmods.com/skyrimspecialedition/mods/141893
140,Particle Patch.esp,ESPFE,Particle Patch,Skyrim.esm;Dawnguard.esm,EFSH:10,,0,f9b60dfe74f057030dd23dffc06db991b1823cdc49e1b867374da30e1f29ba51,https://www.nexusmods.com/skyrimspecialedition/mods/65720
141,CeykyndArmor.esp,ESPFE,Thalmor Ceykynd Armors,Skyrim.esm;Update.esm;Dawnguard.esm;Dragonborn.esm,MGEF:1;SPEL:1;ARMO:6;MISC:1;STAT:5;WEAP:2;NPC_:9;LVLN:3;COBJ:16;LVLI:10;CELL:2;ACHR:2;QUST:1;PACK:2;CSTY:1;LSCR:2;PERK:1;ARMA:10;OTFT:1,Class;Damage;ActorState;Enemy;Leveling;Durability,47,7982bb7ce15085f68e41534126c0bb802b069f5d662da035b664762f99f93af9,https://www.nexusmods.com/skyrimspecialedition/mods/136041
142,MasterSpellsRunes.esp,ESPFE,Master Spells Runes - ESPFE,Skyrim.esm;Update.esm,MGEF:13;SPEL:11;PROJ:1;ARTO:12,Class;Damage;ActorState,23,00971e5acca5d994aa9b81d1252ae8247ded3b4c2f4b75d0fb1de856b8240d5c,https://www.nexusmods.com/skyrimspecialedition/mods/187006
143,NW_Steel_Plate_Armors.esp,ESP,Steel Plate Armors,Skyrim.esm;Update.esm,ARMO:24;STAT:7;WEAP:7;COBJ:62;ARMA:49,Damage;Durability,69,3a5f53db64a737335659f54576cc616eb5f0cd84a2cc42cca1e8aa2b801ba616,https://www.nexusmods.com/skyrimspecialedition/mods/154073
144,CeykyndOpenHelmet.esp,ESPFE,Thalmor Ceykynd Armors,Skyrim.esm;Dawnguard.esm;Dragonborn.esm;CeykyndArmor.esp,ARMO:2;ARMA:6,Damage;Durability,0,87d573fe430d883ec170e8b49a93656795f183078a4cc7fc5e50bc327f3ced19,https://www.nexusmods.com/skyrimspecialedition/mods/136041
145,Triumvirate - Mage Archetypes.esp,ESP,Triumvirate (Balanced),Skyrim.esm;Update.esm;Dawnguard.esm;HearthFires.esm;Dragonborn.esm,KYWD:86;TXST:1;GLOB:31;CLAS:1;FACT:18;RACE:16;SOUN:17;MGEF:362;ENCH:31;SPEL:185;ACTI:11;ARMO:16;BOOK:75;CONT:29;LIGH:40;STAT:30;WEAP:29;NPC_:41;ALCH:1;PROJ:16;HAZD:11;LVLI:96;RFCT:15;CELL:6;ACHR:4;REFR:13;WRLD:1;DIAL:9;INFO:15;QUST:18;PACK:1;EFSH:47;EXPL:29;DEBR:1;IMAD:100;FLST:23;PERK:11;VTYP:1;IPCT:14;IPDS:11;ARMA:15;MESG:22;DLBR:5;OTFT:2;ARTO:102;SNDR:273,Class;Damage;ActorState;Enemy;Leveling;Durability,928,d05360afa8bf4fc3f9fc5c0c193f0bb40c14ac190c272292af78f2a5ad02d0c9,https://www.nexusmods.com/skyrimspecialedition/mods/65427
146,Mortal Enemies - No RunWalk Changes.esp,ESP,Mortal Enemies SE,Skyrim.esm;Dragonborn.esm;Dawnguard.esm,RACE:92;MOVT:8,Class;Damage;ActorState,72,921ef978f0ab7af53e0c1da2e6ee5bcc753f3fc2396e8d5567fbb46b06ed95ce,https://www.nexusmods.com/skyrimspecialedition/mods/4881
147,PraedysSkeletons.esp,ESPFE,Skeleton Replacer HD - SE,Skyrim.esm;Update.esm;Dawnguard.esm;HearthFires.esm;Dragonborn.esm,ARMO:3;ARMA:2,Damage;Durability,1,0e90db5b4e7181e0487dd82512caf8573b871069251bc655d0df5190d556af25,https://www.nexusmods.com/skyrimspecialedition/mods/52845
148,Open World Loot.esp,ESPFE,Open World Loot - Encounter Zone and Loot Overhaul,Skyrim.esm;Update.esm;Dawnguard.esm;HearthFires.esm;Dragonborn.esm;ccBGSSSE001-Fish.esm;ccBGSSSE025-AdvDSGS.esm;Unofficial Skyrim Special Edition Patch.esp;ccbgssse037-curios.esl,GMST:7;FACT:2;CONT:66;NPC_:89;LVLI:1909;QUST:1;ECZN:319;OTFT:12,Damage;ActorState;Enemy;Leveling;Durability,1554,d98a1581653a326fc12db8a1faa9c98fa76dff384a8f7be9aec532d3f24360ac,https://www.nexusmods.com/skyrimspecialedition/mods/49681
149,LostGrimoire.esp,ESP,Lost Grimoire SSE,Skyrim.esm;Update.esm;Dawnguard.esm;HearthFires.esm;Dragonborn.esm,KYWD:45;TXST:8;GLOB:6;CLAS:3;FACT:20;HDPT:15;RACE:19;SOUN:16;ASPC:1;MGEF:365;ENCH:63;SPEL:286;SCRL:101;ACTI:35;TACT:1;ARMO:20;BOOK:114;CONT:13;LIGH:10;MISC:4;STAT:23;MSTT:2;FURN:4;WEAP:66;AMMO:2;NPC_:46;LVLN:2;COBJ:52;PROJ:28;HAZD:22;LVLI:9;WTHR:2;RFCT:25;REGN:1;NAVI:1;CELL:3;REFR:739;ACHR:4;NAVM:3;WRLD:1;DIAL:4;INFO:7;QUST:19;IDLE:39;PACK:12;CSTY:1;ANIO:2;EFSH:51;EXPL:54;IMAD:7;FLST:109;PERK:32;ADDN:11;IPCT:13;IPDS:9;ARMA:25;LCTN:1;MESG:50;DLBR:3;SHOU:1;SCEN:12;OTFT:6;ARTO:52;MOVT:8;SNDR:7;CLFM:1,Class;Damage;ActorState;Enemy;Leveling;Durability,1098,35367c26602917cc4ed9944abda0fe5d71aa44dd4d0c659cfed95c0028bc9b2a,https://www.nexusmods.com/skyrimspecialedition/mods/4455
150,HappyLittleTrees.esp,ESP,Happy Little Trees,Skyrim.esm;Update.esm;Dawnguard.esm;Dragonborn.esm;HearthFires.esm,TXST:1;STAT:19;TREE:58;FURN:1;WRLD:1;CELL:116;REFR:686,Enemy;Leveling,75,1cfe5cbe679fae564ae1a07a80cb816a51a05cc4a84b03deb3245f26ef80ed24,https://www.nexusmods.com/skyrimspecialedition/mods/50961
151,QwibNewLanterns.esp,ESPFE,Simple Wearable Lanterns - Remastered,Skyrim.esm,MGEF:4;ENCH:4;ARMO:4;LIGH:4;COBJ:4;QUST:1;ARMA:4;ARTO:1,Damage;ActorState;Enemy;Leveling;Durability,17,8a6d865f80c1847535507e0f5278239045717e7d4024385134083e638d557784,https://www.nexusmods.com/skyrimspecialedition/mods/132196
152,QwibNewLantern_ISL.esp,ESPFE,Inverse Square Lighting for Simple Wearable Lanterns - Remasterd,Skyrim.esm;QwibNewLanterns.esp,LIGH:4,,0,4f58be337c6c24acb75721b706495013426095f534f7e45ba1f91a36e3b32c97,https://www.nexusmods.com/skyrimspecialedition/mods/183273
153,Eli_LeatherBackpack.esp,ESP,Simple Leather Backpack,Skyrim.esm;Update.esm,KYWD:1;TXST:1;ENCH:1;ARMO:12;BOOK:1;COBJ:12;WRLD:2;CELL:2;REFR:2;FLST:1;ARMA:6,Damage;ActorState;Enemy;Leveling;Durability,27,3089064c960c0612df323cfc9d16ec5fdea00d68d42a1b53464883f7dbf2d108,https://www.nexusmods.com/skyrimspecialedition/mods/42455
154,Insignificant Object Remover.esp,ESP,Insignificant Object Remover,Skyrim.esm,GRAS:6,,0,2d3c662b8ec11c3082e11782a5bd5103c7df778b7d3fafc01cb83d77e7831666,https://www.nexusmods.com/skyrimspecialedition/mods/3354
155,PuddingFace_SimpleSpellsPackage.esp,ESPFE,Simple Spells Pack,Skyrim.esm;Update.esm;Dawnguard.esm;Dragonborn.esm,KYWD:1;CLAS:2;RACE:2;MGEF:230;ENCH:5;SPEL:175;ACTI:7;ARMO:12;BOOK:116;LIGH:16;STAT:11;WEAP:12;NPC_:62;PROJ:19;LVLI:67;WRLD:2;CELL:4;REFR:2;QUST:5;CSTY:1;LVSP:2;EFSH:13;EXPL:14;IMAD:8;PERK:13;IPCT:12;IPDS:10;ARMA:9;MESG:2;SHOU:2;OTFT:3;ARTO:32,Class;Damage;ActorState;Enemy;Leveling;Durability,444,83f91697df35d25a90bb63ff7d66e379a8b0e1f96486820c0661bc80951d9739,https://www.nexusmods.com/skyrimspecialedition/mods/94200
156,Better Dynamic Snow SE.esp,ESP,Better Dynamic Snow SE,Skyrim.esm;Update.esm;Dawnguard.esm;HearthFires.esm;Dragonborn.esm;Better Dynamic Snow SE - DisableRefs.esm,STAT:49;WRLD:1;CELL:85;REFR:288;MATO:19,Enemy;Leveling,37,c2362e2f72322375f849edd1e60cc23a158a7d05f97fe9aa16fb17206664031d,https://www.nexusmods.com/skyrimspecialedition/mods/122027
157,Better Dynamic Snow SE - No Glacier Snow.esp,ESPFE,Better Dynamic Snow SE,Skyrim.esm;Update.esm,MATO:2,,0,b14ebeb323368a640923bc5b91dc3d7bd287cb8d2b7d5c0a96c4362af44bf98c,https://www.nexusmods.com/skyrimspecialedition/mods/122027
158,IcyFixes.esp,ESPFE,Icy Mesh Remaster - Ice Glaciers - LOD - other fixes,Skyrim.esm;Update.esm;Dawnguard.esm;HearthFires.esm;Dragonborn.esm,STAT:152;WRLD:3;CELL:108;REFR:231;MATO:3,Enemy;Leveling,96,7c37123a262ce6a04a78e1e66f393c0b0ae3304ee6cd0627eed14185cf813934,https://www.nexusmods.com/skyrimspecialedition/mods/73381
159,XPMSE.esp,ESP,XP32 Maximum Skeleton Special Extended - XPMSSE,Skyrim.esm,GMST:11;KYWD:1;MGEF:3;SPEL:3;QUST:2;FLST:1,Class;Damage;ActorState;Enemy;Leveling;Durability,10,1cd2a905a40c7f9ffd61c6420868f20c683463d64b655b88c2ad83f1ddf3b29a,https://www.nexusmods.com/skyrimspecialedition/mods/1988
160,Dragon Priest Fix - Behaviour Overhaul.esp,ESPFE,Dragon Priest Fix - Behaviour Overhaul,Skyrim.esm,IDLE:30;MOVT:1,,0,52efd58f83755c7ca5cb52610235622cbfcc06973ea2852c667c7db36763737e,https://www.nexusmods.com/skyrimspecialedition/mods/51608
161,UIExtensions.esp,ESP,UIExtensions,,QUST:8;FLST:1,ActorState;Enemy;Leveling,9,f0d0ee6faf02518f67417cff8b338008d66c85f0bfd053d08c3594e5856d3fcc,https://www.nexusmods.com/skyrimspecialedition/mods/17561
162,noCamColl_2_SE.esp,ESP,No Camera Collision (..no Fade out any more),Skyrim.esm,COLL:2,,0,74676bb8719f3c151a45f702d0def60ec751e846852a105cd45714ec790e93fe,https://www.nexusmods.com/skyrimspecialedition/mods/19310
163,Unlocked 1st Person Combat.esp,ESPFE,Unlocked 1st Person Combat,Skyrim.esm,MGEF:1;SPEL:1;QUST:1,Class;Damage;ActorState;Enemy;Leveling,3,028878a39ac28a9f3f945a397647ed87c422996ed310fec623a8481a503e8a97,https://www.nexusmods.com/skyrimspecialedition/mods/164095
164,SkyUI_SE.esp,ESP,SkyUI,,QUST:7,ActorState;Enemy;Leveling,7,83aff9ae5a12912ab014cb9b464ca4511f6e02d7158994c3e45725999228a36a,https://www.nexusmods.com/skyrimspecialedition/mods/12604
165,Enhanced Interiors Lite.esp,ESP,Enhanced Interiors Lite,Skyrim.esm;Update.esm;Dawnguard.esm;HearthFires.esm,CONT:402;LIGH:1;STAT:637;FURN:1;NPC_:56;IDLM:2;NAVI:1;CELL:41;REFR:22693;NAVM:60;ACHR:25;WRLD:5;PACK:1;LCTN:23,ActorState;Enemy;Leveling,102,0a807e6b1f58fca006394e115063d796cd9e2476f6689343af95d613632cad0f,https://www.nexusmods.com/skyrimspecialedition/mods/53087
166,JKs Skyrim.esp,ESP,JK's Skyrim,Skyrim.esm;Update.esm;Dawnguard.esm;HearthFires.esm;Dragonborn.esm,TXST:4;FACT:11;ACTI:5;ARMO:3;CONT:37;DOOR:9;LIGH:2;MISC:2;STAT:293;MSTT:3;TREE:3;FLOR:1;FURN:3;WEAP:1;NPC_:39;KEYM:17;IDLM:1;LVLI:27;NAVI:1;CELL:200;REFR:20229;NAVM:189;ACHR:122;WRLD:7;LAND:45;PACK:53;FLST:8;LCTN:4;OTFT:6,Damage;ActorState;Enemy;Leveling;Durability,196,6f0e2551017806ad9ab7acb074003a81457fa9606ab5e7b2833a862ce393f646,https://www.nexusmods.com/skyrimspecialedition/mods/6289
167,JK's Skyrim - Reduced Cut - Dragon Bridge.esp,ESP,JK's Skyrim AIO - Reduced Cut,Skyrim.esm;Update.esm;Dawnguard.esm;HearthFires.esm;Dragonborn.esm;JKs Skyrim.esp,NAVI:1;WRLD:1;CELL:9;REFR:453;ACHR:4;NAVM:6,Enemy;Leveling,4,08a092dbe0edc7b9984f356e0d980d1edb210e439c34ab9b72daca4d08db0e65,https://www.nexusmods.com/skyrimspecialedition/mods/110807
168,JK's Skyrim - Lightened.esp,ESP,JK's Skyrim AIO - Reduced Cut,Skyrim.esm;Update.esm;Dawnguard.esm;HearthFires.esm;JKs Skyrim.esp,WRLD:6;CELL:103;REFR:5284;ACHR:33,Enemy;Leveling,35,d462df44c508154b1976b507af34cf64fe0fbaadb02af517db9fd3eb9ee14c71,https://www.nexusmods.com/skyrimspecialedition/mods/110807
169,JK's Castle Volkihar.esp,ESPFE,JK's Castle Volkihar,Skyrim.esm;Update.esm;Dawnguard.esm;HearthFires.esm;Dragonborn.esm,TXST:10;ACTI:1;CONT:11;DOOR:1;STAT:111;MSTT:5;FURN:1;WEAP:1;KEYM:3;LVLI:2;NAVI:1;CELL:35;NAVM:80;REFR:5311;ACHR:9;WRLD:2;LAND:22;LCTN:2,Damage;Enemy;Leveling;Durability,37,45188a89845711d3047e0fa39ba3e5672078a1bc6822a0f323eb2641dada8514,https://www.nexusmods.com/skyrimspecialedition/mods/116314
170,weapons armor clothing & clutter fixes.esp,ESP,Weapons Armor Clothing and Clutter Fixes,Skyrim.esm;Update.esm;Dawnguard.esm;HearthFires.esm;Dragonborn.esm;unofficial skyrim special edition patch.esp,GMST:8;KYWD:181;TXST:21;GLOB:3;HDPT:1;RACE:1;ENCH:40;SPEL:30;ARMO:2139;CONT:50;INGR:8;LIGH:1;MISC:269;STAT:2;WEAP:3189;AMMO:20;NPC_:78;ALCH:33;COBJ:81;PROJ:38;LVLI:1225;CELL:16;REFR:309;QUST:2;PACK:7;LSCR:1;FLST:8;PERK:26;ARMA:192;DOBJ:1;OTFT:29,Class;Damage;ActorState;Enemy;Leveling;Durability,2593,a2e9169b7f9e27cf6d679a75f852410d3e436ae6d5af54b50629cbf4e1b29a47,https://www.nexusmods.com/skyrimspecialedition/mods/18994
171,MysticismMagic.esp,ESP,Mysticism - A Magic Overhaul,Skyrim.esm;Update.esm;Dawnguard.esm;HearthFires.esm;Dragonborn.esm,KYWD:51;TXST:9;GLOB:4;CLAS:2;FACT:2;HDPT:1;RACE:2;SOUN:2;MGEF:748;ENCH:200;SPEL:444;SCRL:243;ACTI:2;ARMO:5;BOOK:296;CONT:21;LIGH:11;MISC:1;STAT:16;WEAP:187;AMMO:2;NPC_:51;COBJ:145;PROJ:72;HAZD:41;LVLI:271;CELL:11;REFR:16;WRLD:2;QUST:2;EFSH:27;EXPL:65;FLST:1;PERK:26;ADDN:10;IPCT:31;IPDS:18;ARMA:3;MESG:1;SMQN:1;OTFT:3;ARTO:55;SNDR:18;DUAL:24,Class;Damage;ActorState;Enemy;Leveling;Durability,1704,fa6f13db6b0875dbf49433b0a5cd897c2822b3f8c2e2e8d7a0be556161ec9d1a,https://www.nexusmods.com/skyrimspecialedition/mods/27839
172,NoviceBoltSpell-Mysticism.esp,ESPFE,Novice Bolt Spells,Skyrim.esm;Update.esm;Dawnguard.esm;HearthFires.esm;Dragonborn.esm;NoviceBoltSpells.esp;MysticismMagic.esp,MGEF:2;SPEL:5;BOOK:5,Class;Damage;ActorState,6,6085f0f09759703476735f713bfbcb779c6a46699103a21000d633ae439c0895,https://www.nexusmods.com/skyrimspecialedition/mods/95077
173,360 Ward.esp,ESPFE,360 Ward,Skyrim.esm;MysticismMagic.esp,MGEF:11;RFCT:1;ARTO:1,Damage;ActorState,9,af0f55b9a695146d75c85c10075b30f1736c6653dc03804aa019c9f3ca199bc7,https://www.nexusmods.com/skyrimspecialedition/mods/156225
174,JK's Fort Dawnguard.esp,ESPFE,JK's Fort Dawnguard,Skyrim.esm;Update.esm;Dawnguard.esm;HearthFires.esm;Dragonborn.esm,TXST:3;ARMO:5;CONT:2;STAT:35;FURN:1;WEAP:2;NAVI:1;CELL:19;REFR:2882;ACHR:4;NAVM:36;WRLD:1;LAND:16,Damage;Enemy;Leveling;Durability,4,c1862db4213193232fdacf16f52d0659c7abd6bb3b073035f0e4b880435eed89,https://www.nexusmods.com/skyrimspecialedition/mods/110645
175,JKs-ClefJs Fort Dawnguard.esp,ESPFE,JK's - ClefJ's Fort Dawnguard,Skyrim.esm;Update.esm;Dawnguard.esm;HearthFires.esm;Dragonborn.esm;ClefJ's Fort Dawnguard.esp;JK's Fort Dawnguard.esp,STAT:5;NAVI:1;CELL:19;REFR:3534;ACHR:16;NAVM:21;WRLD:1;LAND:15,Enemy;Leveling,25,a55a22cfb47c59f2efb814cba9e352abf0b108dd131036c77b8aa2a9e0795b6a,https://www.nexusmods.com/skyrimspecialedition/mods/131123
176,JKs-ClefJs Fort Dawnguard - Dawnguard Arsenal patch.esp,ESPFE,JK's - ClefJ's Fort Dawnguard,Skyrim.esm;Dawnguard.esm;DawnguardArsenal.esp;ClefJ's Fort Dawnguard.esp;JK's Fort Dawnguard.esp;JKs-ClefJs Fort Dawnguard.esp,CELL:2;REFR:13;ACHR:6;WRLD:1,Enemy;Leveling,6,3352cb9073ca99d2c4ad821992ac35916b779885b0c0b9aecf4713c981c9254c,https://www.nexusmods.com/skyrimspecialedition/mods/131123
177,JKs-ClefJs Fort Dawnguard - HLT patch.esp,ESPFE,JK's - ClefJ's Fort Dawnguard,Skyrim.esm;Update.esm;Dawnguard.esm;HearthFires.esm;Dragonborn.esm;ClefJ's Fort Dawnguard.esp;JK's Fort Dawnguard.esp;JKs-ClefJs Fort Dawnguard.esp;HappyLittleTrees.esp,WRLD:1;CELL:2;REFR:5,Enemy;Leveling,2,57053d2d433c1464586c2f783c10193b2a730ae048b49b6dfafc97950ca275e8,https://www.nexusmods.com/skyrimspecialedition/mods/131123
178,JKs-ClefJs Fort Dawnguard - USSEP patch.esp,ESPFE,JK's - ClefJ's Fort Dawnguard,Skyrim.esm;Dawnguard.esm;unofficial skyrim special edition patch.esp;ClefJ's Fort Dawnguard.esp;JK's Fort Dawnguard.esp;JKs-ClefJs Fort Dawnguard.esp,WRLD:1;CELL:1;REFR:1,Enemy;Leveling,0,4c02086900642b3cea1cf7808cc1f25b0150d5ea63a19c1fb6b451648e317a21,https://www.nexusmods.com/skyrimspecialedition/mods/131123
179,JKs-ClefJs Fort Dawnguard - WACCF patch.esp,ESPFE,JK's - ClefJ's Fort Dawnguard,Skyrim.esm;Dawnguard.esm;Weapons Armor Clothing & Clutter Fixes.esp;ClefJ's Fort Dawnguard.esp;JK's Fort Dawnguard.esp;JKs-ClefJs Fort Dawnguard.esp,CELL:1;REFR:11,Enemy;Leveling,0,099e35a023a51452f8f4d6dae525adc9650e1a387bc7362b6af3daab398e7256,https://www.nexusmods.com/skyrimspecialedition/mods/131123
180,Grand Solitude - JKs Skyrim patch.esp,ESPFE,Grand Solitude Patch Collection,Skyrim.esm;Update.esm;HearthFires.esm;unofficial skyrim special edition patch.esp;Grand Solitude - The Walls of High King Erling.esp;JKs Skyrim.esp,NAVI:1;WRLD:1;CELL:10;REFR:953;NAVM:15;PHZD:5,Enemy;Leveling,2,8528f65ea9ba5b1f22963be9d41fb04ad9ada711983919eb43f56e51ce2560f4,https://www.nexusmods.com/skyrimspecialedition/mods/157450
181,JK's Dark Brotherhood Sanctuary.esp,ESPFE,JK's Dark Brotherhood Sanctuaries,Skyrim.esm;Update.esm;Dawnguard.esm;HearthFires.esm;Dragonborn.esm,TXST:4;ACTI:1;CONT:8;DOOR:1;STAT:31;FURN:1;NAVI:1;CELL:7;REFR:2779;ACHR:7;NAVM:2;WRLD:1;LAND:2;PACK:9,Enemy;Leveling,9,49a96384ebe10e562ee910cdd3d9a9b905398633ca6fa1806ab3123c9c615fd6,https://www.nexusmods.com/skyrimspecialedition/mods/121950
182,Skyrim Revamped - Complete Enemy Overhaul.esp,ESP,Skyrim Revamped - Complete Enemy Overhaul,Skyrim.esm;Update.esm;Dawnguard.esm;HearthFires.esm;Dragonborn.esm,KYWD:14;TXST:2;GLOB:1;CLAS:4;HDPT:4;RACE:16;SOUN:2;MGEF:107;ENCH:3;SPEL:116;ARMO:16;LIGH:6;STAT:5;WEAP:8;AMMO:2;NPC_:820;LVLN:158;PROJ:21;HAZD:3;LVLI:2;PACK:9;CSTY:161;LVSP:1;EFSH:5;EXPL:11;IMAD:8;FLST:5;PERK:17;IPCT:5;IPDS:4;ARMA:17;SHOU:9;OTFT:5;ARTO:8;SNDR:37;DUAL:1,Class;Damage;ActorState;Enemy;Leveling;Durability,1042,503930a74fb6cf65baabcef14c5ac18fb21d5296c9f85b11d8c2b784bcee4623,https://www.nexusmods.com/skyrimspecialedition/mods/14598
183,The Restless Dead.esp,ESP,The Restless Dead (A Draugr and Skeleton Overhaul),Skyrim.esm;Update.esm;Dawnguard.esm;Dragonborn.esm,KYWD:64;TXST:11;CLAS:19;RACE:23;SOUN:3;MGEF:126;ENCH:41;SPEL:158;ARMO:415;BOOK:3;MISC:1;STAT:38;WEAP:371;AMMO:11;NPC_:1343;LVLN:1071;COBJ:102;PROJ:20;LVLI:588;RFCT:13;CELL:107;ACHR:812;REFR:3;WRLD:4;QUST:2;CSTY:72;LVSP:13;EFSH:15;EXPL:17;IMAD:4;PERK:145;ARMA:342;LCTN:5;MESG:3;SHOU:36;OTFT:403;ARTO:16,Class;Damage;ActorState;Enemy;Leveling;Durability,4691,c20024bc84fd1bc65c1ac29c842681c8b3e9bd4d16cee8b49d4f57fb680bc312,https://www.nexusmods.com/skyrimspecialedition/mods/94100
184,TRD Patch - Hand Placed Enemies - Light.esp,ESPFE,The Restless Dead (A Draugr and Skeleton Overhaul),Skyrim.esm;Update.esm;Dawnguard.esm;HearthFires.esm;Dragonborn.esm;The Restless Dead.esp;Hand Placed Enemies - Light.esp,NPC_:6;CELL:18;ACHR:127,ActorState;Enemy;Leveling,143,a40aab1ea8332eceeeddf67133ee39e66d3ff10fd639942b5e413595c2a42d8b,https://www.nexusmods.com/skyrimspecialedition/mods/94100
185,TRD Patch - WACCF.esp,ESPFE,The Restless Dead (A Draugr and Skeleton Overhaul),Skyrim.esm;Update.esm;Dawnguard.esm;HearthFires.esm;Dragonborn.esm;Weapons Armor Clothing & Clutter Fixes.esp;The Restless Dead.esp,ARMO:5;WEAP:150;AMMO:1;PROJ:11,Damage;Durability,140,69b8410451ed136deb7639cadf28d92f16d992b612aa3c33e30b5ebf877882bd,https://www.nexusmods.com/skyrimspecialedition/mods/94100
186,Bandit War.esp,ESP,Lawless - A Bandit Overhaul,Skyrim.esm;Update.esm;Dawnguard.esm;Dragonborn.esm,KYWD:2;CLAS:22;MGEF:12;SPEL:25;ARMO:4;WEAP:15;NPC_:2972;LVLN:505;COBJ:8;LVLI:154;CELL:27;ACHR:42;WRLD:1;QUST:1;CSTY:21;LVSP:4;PERK:21;ARMA:6;MESG:1;OTFT:28,Class;Damage;ActorState;Enemy;Leveling;Durability,3625,c61d275fda5853d925ea61ca39258a94ab8143166b0819c531ecc7ed793e8d7a,https://www.nexusmods.com/skyrimspecialedition/mods/88080
187,Apothecary.esp,ESP,Apothecary - An Alchemy Overhaul,Skyrim.esm;Update.esm;Dawnguard.esm;HearthFires.esm;Dragonborn.esm,KYWD:23;TXST:1;MGEF:71;SPEL:8;BOOK:5;CONT:1;INGR:115;FLOR:8;ALCH:310;LVLI:120;QUST:1;EFSH:1;FLST:2;PERK:5;SMQN:1;ARTO:1,Class;Damage;ActorState;Enemy;Leveling;Durability,609,63576eefb83b0285d3d7b0228e8495e504af2025d3f77729aca192b8aa754226,https://www.nexusmods.com/skyrimspecialedition/mods/52130
188,Thaumaturgy.esp,ESP,Thaumaturgy - An Enchanting Overhaul,Skyrim.esm;Update.esm;Dawnguard.esm;Dragonborn.esm,GMST:5;KYWD:57;TXST:1;GLOB:1;MGEF:185;ENCH:573;SPEL:11;ARMO:4802;LIGH:2;STAT:3;WEAP:4858;PROJ:3;HAZD:2;LVLI:1342;RFCT:2;CELL:2;REFR:2;QUST:1;EFSH:24;FLST:56;PERK:25;IPCT:3;IPDS:3;SMQN:1;ARTO:2;SNDR:2,Class;Damage;ActorState;Enemy;Leveling;Durability,7479,fcb239d8bee484364267564ca4003ca6445264a11f9dd5fffe9f957e748eb741,https://www.nexusmods.com/skyrimspecialedition/mods/57138
189,Artificer.esp,ESPFE,Artificer - An Artifact Overhaul,Skyrim.esm;Update.esm;Dawnguard.esm;HearthFires.esm;Dragonborn.esm;MysticismMagic.esp;Thaumaturgy.esp,KYWD:7;TXST:29;SOUN:2;MGEF:300;ENCH:144;SPEL:67;ACTI:6;ARMO:158;BOOK:1;CONT:1;STAT:26;WEAP:105;NPC_:15;LVLN:2;KEYM:1;ALCH:6;COBJ:63;PROJ:3;SLGM:1;LVLI:23;CELL:5;REFR:10;WRLD:1;DIAL:6;QUST:12;CSTY:1;EFSH:9;EXPL:4;FLST:5;PERK:47;ARMA:11;MESG:20;SMQN:1;OTFT:3;ARTO:1,Class;Damage;ActorState;Enemy;Leveling;Durability,828,d76fbc070ccea7998f99ff25270964b32f4bc0334ec04c13b346dfaba55312d6,https://www.nexusmods.com/skyrimspecialedition/mods/99619
190,DragonPriestArmorArtificer.esp,ESPFE,Armory of the Dragon Cult - Dragon Priest Armor,Skyrim.esm;Dragonborn.esm;DragonPriestArmor.esp;Artificer.esp;Thaumaturgy.esp,ARMO:4,Damage;Durability,0,2e14f230bdd904174befa2a40b43d76d02c49175c1085cedb884e554085abd3e,https://www.nexusmods.com/skyrimspecialedition/mods/94244
191,JK's The Bards College.esp,ESPFE,JK's The Bards College,Skyrim.esm;Update.esm;Dawnguard.esm;HearthFires.esm;Dragonborn.esm,TXST:4;CONT:3;MISC:1;STAT:53;FURN:1;NAVI:1;CELL:4;REFR:2196;ACHR:5;NAVM:2;WRLD:1;LCTN:1,Enemy;Leveling,6,7200fb1f8434ce3f97dac8e29c18440df727a094fc6210e34f58dc9fc96c654c,https://www.nexusmods.com/skyrimspecialedition/mods/71054
192,JK's High Hrothgar.esp,ESPFE,JK's High Hrothgar,Skyrim.esm;Update.esm;Dawnguard.esm;HearthFires.esm;Dragonborn.esm,TXST:11;GLOB:2;CONT:5;STAT:47;MSTT:1;FURN:1;NAVI:1;CELL:9;REFR:2244;NAVM:20;WRLD:1;LAND:5;QUST:1;FLST:1,Class;ActorState;Enemy;Leveling,10,f037c1ef40c664ee115155f8cc7ce4f1ab4dccb2b35b493a9fff6ab96a1ad3cc,https://www.nexusmods.com/skyrimspecialedition/mods/62219
193,Embers XD.esp,ESP,Embers XD,Skyrim.esm;Update.esm;Dawnguard.esm;HearthFires.esm;Dragonborn.esm,TXST:1;STAT:15;MSTT:32;CELL:138;REFR:400;WRLD:6;LAND:11;EXPL:1;ADDN:15,Enemy;Leveling,92,70e089e6841a63444aa96bc8bccc26351862c0512e139c575c91a14598f58ff3,https://www.nexusmods.com/skyrimspecialedition/mods/37085
194,JKs-ClefJs Fort Dawnguard - Embers XD patch.esp,ESPFE,JK's - ClefJ's Fort Dawnguard,Skyrim.esm;Dawnguard.esm;ClefJ's Fort Dawnguard.esp;Embers XD.esp;JK's Fort Dawnguard.esp;JKs-ClefJs Fort Dawnguard.esp,CELL:1;REFR:4,Enemy;Leveling,0,625ec7dc3e1f1919ed069ed6213c3c5b04a606fb264e3e0561621da1307b36a0,https://www.nexusmods.com/skyrimspecialedition/mods/131123
195,TRD Patch - Mortal Enemies.esp,ESPFE,The Restless Dead (A Draugr and Skeleton Overhaul),Skyrim.esm;Update.esm;Dawnguard.esm;Dragonborn.esm;The Restless Dead.esp,RACE:20,Class;Damage;ActorState,20,eeb99e5a41f074d3188968f4f57e09c78d8a405385fb331e2e304ca503f99d37,https://www.nexusmods.com/skyrimspecialedition/mods/94100
196,TRD Patch - CC Fishing.esp,ESPFE,The Restless Dead (A Draugr and Skeleton Overhaul),Skyrim.esm;Update.esm;Dawnguard.esm;HearthFires.esm;Dragonborn.esm;ccBGSSSE001-Fish.esm;The Restless Dead.esp,WEAP:42;COBJ:6;LVLI:11,Damage;Enemy;Durability,44,b749dc6783ab5ebbf66c14907c0f03ba5129f1599e1068528d86f41561731946,https://www.nexusmods.com/skyrimspecialedition/mods/94100
197,TRD Optional File - Difficulty (IV) - Hard.esp,ESPFE,The Restless Dead (A Draugr and Skeleton Overhaul),Skyrim.esm;Update.esm;Dawnguard.esm;Dragonborn.esm;The Restless Dead.esp,LVLN:69;LVLI:39,Enemy;Leveling;Durability,84,e0a4a6be51690e9cd2e7bc6f67c5df28f354c7855f2b7e96f79173ce7e0340f6,https://www.nexusmods.com/skyrimspecialedition/mods/94100
198,TRD Patch - USSEP.esp,ESPFE,The Restless Dead (A Draugr and Skeleton Overhaul),Skyrim.esm;Update.esm;Dawnguard.esm;Dragonborn.esm;The Restless Dead.esp,WEAP:18;WRLD:1;CELL:3,Damage;Enemy;Leveling;Durability,20,dc1be8f71158ba5ef6794dd997cade9e0e475e108fcb7b55cd73d8daca8bb827,https://www.nexusmods.com/skyrimspecialedition/mods/94100
199,JK's Thieves Guild.esp,ESPFE,JK's Thieves Guild HQ,Skyrim.esm;Update.esm;Dawnguard.esm;HearthFires.esm;Dragonborn.esm,TXST:6;CONT:3;DOOR:2;STAT:98;FURN:1;KEYM:1;NAVI:1;CELL:3;REFR:2227;NAVM:9;ACHR:6,Enemy;Leveling,8,e31babc9c3789f8e3a4454624747ccbf39955accf1bb971a6668a76ce1646461,https://www.nexusmods.com/skyrimspecialedition/mods/133787
200,JK's Sky Haven Temple.esp,ESPFE,JK's Sky Haven Temple,Skyrim.esm;Update.esm;Dawnguard.esm;HearthFires.esm;Dragonborn.esm,TXST:11;ACTI:11;CONT:14;DOOR:1;LIGH:1;MISC:1;STAT:88;TREE:1;FURN:4;NAVI:1;CELL:16;REFR:1999;ACHR:3;NAVM:21;WRLD:1;LAND:7,Enemy;Leveling,8,8ee57fc8d7676e3f4898a7af9a681b52c1a2fc735059711b3ba0f6e11c68a580,https://www.nexusmods.com/skyrimspecialedition/mods/63039
201,JK's Jorrvaskr.esp,ESPFE,JK's Jorrvaskr,Skyrim.esm;Update.esm;Dawnguard.esm;HearthFires.esm;Dragonborn.esm,TXST:5;GLOB:2;ACTI:1;STAT:17;FURN:1;NPC_:1;NAVI:1;CELL:2;REFR:1310;NAVM:3;ACHR:1;QUST:1;PACK:2;FLST:1,Class;ActorState;Enemy;Leveling,6,5b3b466d9e62f7132e5fd9601f6bc61102935e7931c50075c468e089908a0d18,https://www.nexusmods.com/skyrimspecialedition/mods/60738
202,JK's Nightingale Hall.esp,ESPFE,JK's Nightingale Hall,Skyrim.esm;Update.esm;Dawnguard.esm;HearthFires.esm;Dragonborn.esm,TXST:2;CONT:7;STAT:35;FURN:1;NAVI:1;CELL:1;REFR:1400;ACHR:4;NAVM:1,Enemy;Leveling,4,312fc43b9ae12ca26c2e75e41d45ae696244d0fe1e358b582af22f386ba08530,https://www.nexusmods.com/skyrimspecialedition/mods/128116
203,JK's Palace of the Kings.esp,ESPFE,JK's Palace of the Kings,Skyrim.esm;Update.esm;Dawnguard.esm;HearthFires.esm;Dragonborn.esm,TXST:7;ARMO:6;STAT:34;NPC_:3;NAVI:1;CELL:4;REFR:2295;ACHR:1;NAVM:1;PACK:2;OTFT:1,Damage;ActorState;Enemy;Leveling;Durability,5,39d6df3258cfa61e337a824cb6b0f2f2ab1c97ef7c42a05b21d7ee885460dd39,https://www.nexusmods.com/skyrimspecialedition/mods/48902
204,waccf_armor and clothing extension.esp,ESP,Armor and Clothing Extension,Skyrim.esm;Update.esm;Dawnguard.esm;HearthFires.esm;Dragonborn.esm,KYWD:46;TXST:99;GLOB:33;MGEF:1;ENCH:6;SPEL:2;ARMO:159;CONT:3;MISC:4;FURN:2;NPC_:10;COBJ:43;LVLI:68;CELL:16;REFR:28;WRLD:2;DIAL:2;INFO:2;QUST:9;FLST:1;PERK:1;ARMA:128;MESG:1;OTFT:160,Class;Damage;ActorState;Enemy;Leveling;Durability,337,7e7178077446ad4cf4fa2fa2529a85d075a8142225f8bca0cdb915b0ac2d5098,https://www.nexusmods.com/skyrimspecialedition/mods/19002
205,Grand Solitude - ACE patch.esp,ESPFE,Grand Solitude Patch Collection,Skyrim.esm;Grand Solitude - The Walls of High King Erling.esp;waccf_armor and clothing extension.esp,CELL:1;REFR:4,Enemy;Leveling,0,ad1fbd92fbd65f14b95e679c3a7c78481bd20445805af780fa8af26a1f3ea982,https://www.nexusmods.com/skyrimspecialedition/mods/157450
206,Pilgrim.esp,ESP,Pilgrim - A Religion Overhaul,Skyrim.esm;Update.esm;Dawnguard.esm;Dragonborn.esm,KYWD:32;TXST:2;GLOB:2;FACT:6;MGEF:273;ENCH:9;SPEL:137;SCRL:5;ACTI:50;BOOK:9;CONT:6;STAT:51;MSTT:1;FURN:3;NPC_:1;LVLI:25;RFCT:1;NAVI:1;CELL:67;REFR:744;ACHR:8;NAVM:1;WRLD:4;DIAL:5;INFO:13;QUST:2;PACK:1;EFSH:1;EXPL:1;FLST:6;PERK:79;MESG:32;SMQN:1;DLBR:1;ARTO:1,Class;Damage;ActorState;Enemy;Leveling;Durability,580,40ea0f222719620eadbfef8829bc4a8300065c8762f44c4cb32be241c8ef5ae8,https://www.nexusmods.com/skyrimspecialedition/mods/54099
207,Grand Solitude - Pilgrim patch.esp,ESPFE,Grand Solitude Patch Collection,Skyrim.esm;Update.esm;Dawnguard.esm;Grand Solitude - The Walls of High King Erling.esp;Pilgrim.esp,CELL:2;ACHR:3;REFR:13;WRLD:1,Enemy;Leveling,3,7269b5b7be1c1e0a101e2ea192f37b30151c6f6298296cd69b8f1da70f7fcdfc,https://www.nexusmods.com/skyrimspecialedition/mods/157450
208,JKs Sky Haven Temple - JKs Skyrim Patch.esp,ESPFE,JK's Guild HQ Interiors Patch Collection,Skyrim.esm;Update.esm;Dawnguard.esm;HearthFires.esm;Dragonborn.esm;JKs Skyrim.esp,WRLD:1;CELL:3;REFR:222,Enemy;Leveling,1,e7cf73038f0dad5770ca0b4238f4871fdcb13d9908d1c3d7d793557991fc64d9,https://www.nexusmods.com/skyrimspecialedition/mods/61416
209,HAG - Occult Orphan Rock.esp,ESPFE,HAG - Occult Orphan Rock,Skyrim.esm;Update.esm;Dawnguard.esm;HearthFires.esm;Dragonborn.esm,TXST:1;BOOK:1;STAT:41;NPC_:1;NAVI:1;CELL:16;REFR:1534;ACHR:37;NAVM:27;WRLD:1;LAND:4;PACK:2,ActorState;Enemy;Leveling,46,70a49f4d3f848a129b53a3ef40faf604cc38a585e725aba82a7c2a6a8644a6b7,https://www.nexusmods.com/skyrimspecialedition/mods/137996
210,Better Vampire NPCs.esp,ESP,Better Vampire NPCs 2.3,Skyrim.esm;Update.esm;Dawnguard.esm,KYWD:1;TXST:11;GLOB:8;CLAS:8;HDPT:19;RACE:4;MGEF:40;ENCH:4;SPEL:37;ACTI:2;ARMO:23;LIGH:5;MISC:2;STAT:19;WEAP:52;AMMO:5;NPC_:159;LVLN:20;PROJ:6;HAZD:2;LVLI:157;NAVI:1;CELL:2;REFR:168;ACHR:94;NAVM:10;QUST:58;PACK:2;CSTY:4;LVSP:1;EFSH:9;EXPL:2;IMAD:1;FLST:1;PERK:13;IPCT:6;IPDS:2;ARMA:20;MESG:17;SMQN:4;OTFT:45;ARTO:4;SNDR:1,Class;Damage;ActorState;Enemy;Leveling;Durability,611,e1c4f980ce6b81439ad5e03624a9dbbc01dd7086084a98f619f23b68a25bc45f,https://www.nexusmods.com/skyrimspecialedition/mods/9510
211,BVNPC Combat Style Patch.esp,ESPFE,BVNPC combat styles patch for Simple Spells Pack Bats Powers,Skyrim.esm;Better Vampire NPCs.esp,CSTY:4,Enemy,0,fc8fb6a06f669eabba999857a2bbfeac79970d2dceb1fc608280fcb4b0676cd6,https://www.nexusmods.com/skyrimspecialedition/mods/126193
212,man_DaedricShrines.esp,ESP,Daedric Shrines - All in One,Skyrim.esm;Update.esm;Dawnguard.esm;Dragonborn.esm,ACTI:2;MISC:2;STAT:20;NAVI:1;CELL:33;REFR:474;NAVM:1;WRLD:3;LAND:7;ACHR:3;IMGS:1;LGTM:1,Enemy;Leveling,7,b7823f9a68fa937417cb441067d3280cb0e6233ea5521b8e3a4e8d59a06c8774,https://www.nexusmods.com/skyrimspecialedition/mods/78772
213,man_sithis.esp,ESPFE,Statue of Sithis,Skyrim.esm;Update.esm,STAT:1;CELL:2;REFR:2,Enemy;Leveling,0,f863064b3058bda01faa877b4537c9d0a56088578b6ad4c1f4e06af5b0a2dd9b,https://www.nexusmods.com/skyrimspecialedition/mods/73735
214,Pilgrim - Daedric Shrines Patch.esp,ESPFE,Pilgrim and Daedric Shrines Consistency and Tweaks,Skyrim.esm;Update.esm;Dawnguard.esm;Dragonborn.esm;Pilgrim.esp;man_sithis.esp;man_DaedricShrines.esp,ACTI:16;STAT:1;CELL:45;REFR:197;WRLD:4;LAND:4;ACHR:1,Enemy;Leveling,32,414ae1a41936fddae90609eb44e2bc1bb89bcf652dc71b54a9fdec9993009cac,https://www.nexusmods.com/skyrimspecialedition/mods/63617
215,Whiterun Has Walls - JK's Skyrim Patch.esp,ESPFE,Whiterun Has Walls Redone,Skyrim.esm;Update.esm;Dawnguard.esm;HearthFires.esm;Dragonborn.esm;Whiterun Has Walls.esm;JKs Skyrim.esp,WRLD:2;CELL:16;REFR:187,Enemy;Leveling,0,f58f894979dfb9a49453d1beb14fea75f3aa06a6db9fa948e23e24e569ae10d1,https://www.nexusmods.com/skyrimspecialedition/mods/119229
216,Whiterun Has Walls - Exterior City Entrance.esp,ESPFE,Whiterun Has Walls Redone,Skyrim.esm;Update.esm;Dawnguard.esm;HearthFires.esm;Dragonborn.esm;Whiterun Has Walls.esm,STAT:4;NPC_:8;NAVI:1;WRLD:1;CELL:7;REFR:473;NAVM:9;ACHR:12;PACK:7,ActorState;Enemy;Leveling,20,fd287848f54f0bf2622db0619ec613cd7b993c0bdd778deb03d9eac10d497144,https://www.nexusmods.com/skyrimspecialedition/mods/119229
217,Northern Scenery _Tundra.esp,ESPFE,Northern Scenery - Whiterun's Tundra,Skyrim.esm;Update.esm,TXST:3;BOOK:1;CONT:1;STAT:7;WRLD:1;CELL:32;REFR:365;ACHR:7;LAND:2,Enemy;Leveling,28,39a0a9d144c6e6d48862b029057a9c878a26a3804af9223c7917ab776c7cdd91,https://www.nexusmods.com/skyrimspecialedition/mods/94476
218,JK's The Ragged Flagon.esp,ESPFE,JK's The Ragged Flagon,Skyrim.esm;Update.esm;Dawnguard.esm;HearthFires.esm;Dragonborn.esm,TXST:4;STAT:16;NAVI:1;CELL:1;REFR:509;NAVM:1,Enemy;Leveling,0,4c2bb69c70945994759ceae80361e9152f4606500e1fe144f0d9423ed30ad742,https://www.nexusmods.com/skyrimspecialedition/mods/50765
219,AlternativeRiften.esp,ESPFE,Alternative Riften - Revived and Optimized,Skyrim.esm;Update.esm;Dawnguard.esm;HearthFires.esm;Dragonborn.esm,STAT:14;FURN:1;NAVI:1;WRLD:1;CELL:6;REFR:151;NAVM:2,Enemy;Leveling,2,34f106c1deb824b3f8038214798385ceb0b03559edba4832a33c3ba9792f98b4,https://www.nexusmods.com/skyrimspecialedition/mods/169108
220,Grand Solitude - New NPCs Disabled.esp,ESPFE,Grand Solitude - New NPCs Disabled,Skyrim.esm;Grand Solitude - The Walls of High King Erling.esp,CELL:19;ACHR:68;WRLD:1,Enemy;Leveling,86,a6a8a17cf620f5e6a9f57351e864900a586ee64991a056c7709fbc1fd5c2a356,https://www.nexusmods.com/skyrimspecialedition/mods/169778
221,Alternative Riften - JK's Skyrim AIO - Patch.esp,ESPFE,Alternative Riften - Revived and Optimized,Skyrim.esm;Update.esm;Dawnguard.esm;HearthFires.esm;Dragonborn.esm;JKs Skyrim.esp;AlternativeRiften.esp,NAVI:1;WRLD:1;CELL:3;LAND:2;NAVM:1;REFR:64,Enemy;Leveling,2,d47428389915540d84d38ab6900cd2ce10ae31bc7a1c56caac8513a16ef4f150,https://www.nexusmods.com/skyrimspecialedition/mods/169108
222,Pilgrim - Shrines Fit for the Divine.esp,ESPFE,Pilgrim Religion Overhaul - Shrines fit for the Divine,Skyrim.esm;Update.esm;Dawnguard.esm;Dragonborn.esm;Pilgrim.esp,STAT:12;WRLD:1;CELL:17;REFR:161;LAND:8;ACHR:7,Enemy;Leveling,19,647842ee7c08d6cbe5384942550705f141a4d8f55f4a8751f949f1d894536b5e,https://www.nexusmods.com/skyrimspecialedition/mods/158863
223,Whiterun Has Walls - Exterior City Entrance - JK's Skyrim Patch.esp,ESPFE,Whiterun Has Walls Redone,Skyrim.esm;Update.esm;Dawnguard.esm;HearthFires.esm;Dragonborn.esm;Whiterun Has Walls.esm;Whiterun Has Walls - Exterior City Entrance.esp;JKs Skyrim.esp;Whiterun Has Walls - JK's Skyrim Patch.esp,WRLD:1;CELL:5;REFR:49,Enemy;Leveling,0,6106ccc830aa356ee28f9dedeac6746e616f33c3d86ae4ee8d89d11867b13071,https://www.nexusmods.com/skyrimspecialedition/mods/119229
224,NorScenery_YsgramorTomb.esp,ESPFE,Northern Scenery - Ysgramor's Tomb,Skyrim.esm;Update.esm,STAT:7;NAVI:1;CELL:7;REFR:109;WRLD:1;LAND:3;NAVM:15,Enemy;Leveling,6,d844ddbc0506f73ed53240462af62a1fe409ab1b1aa25672717384574a7b4829,https://www.nexusmods.com/skyrimspecialedition/mods/97584
225,Beyond the Border - Diverse Border Gates.esp,ESPFE,Across the Border - Diverse Border Gates,Skyrim.esm;Update.esm;Dawnguard.esm;HearthFires.esm;Dragonborn.esm,STAT:4;WRLD:1;CELL:12;REFR:84;ACHR:6,Enemy;Leveling,6,3719fcf5797c4586527d01db56959b111f7f7790dfca84afa4ee7d9aa1f27c7f,https://www.nexusmods.com/skyrimspecialedition/mods/159570
226,JKs Skyrim - CC Fishing patch.esp,ESPFE,JK's Skyrim Patch Collection,Skyrim.esm;Update.esm;HearthFires.esm;ccBGSSSE001-Fish.esm;JKs Skyrim.esp,WRLD:3;CELL:9;REFR:33,Enemy;Leveling,0,688e1cdcbad7695daac47738d526ed7e385cb6fd9d45925e4b9db45bfccf104f,https://www.nexusmods.com/skyrimspecialedition/mods/154077
227,Northern Scenery_Ansilvund.esp,ESP,Northern Scenery - Ansilvund,Skyrim.esm;Update.esm,CONT:5;STAT:16;NPC_:2;WRLD:1;CELL:4;REFR:175;ACHR:3,ActorState;Enemy;Leveling,9,4e6c4973bff8ae0364148cb0ae275abd7c390fe5326bef97097291d8a7e52d6f,https://www.nexusmods.com/skyrimspecialedition/mods/94720
228,NorthernScenery_IronBindBarrow.esp,ESPFE,Northern Scenery - IronBind Barrow,Skyrim.esm;Update.esm,STAT:5;WRLD:1;CELL:9;REFR:81,Enemy;Leveling,6,ba7d2bfed9cde5f6937c627efa66a5639d2900b1b497c004cb085f959df83089,https://www.nexusmods.com/skyrimspecialedition/mods/95788
229,Embers XD - Patch - JKs Skyrim.esp,ESPFE,Embers XD,Skyrim.esm;Update.esm;Dawnguard.esm;HearthFires.esm;Dragonborn.esm;JKs Skyrim.esp;Embers XD.esp,WRLD:2;CELL:6;REFR:23,Enemy;Leveling,0,5a305d5865b6d7f405e779849e7e937751bbd4e200587fdbc50b357f55d6d7bb,https://www.nexusmods.com/skyrimspecialedition/mods/37085
230,Markarth - City of Stone.esp,ESPFE,Markarth - City of Stone,Skyrim.esm,STAT:5;WRLD:2;CELL:20;REFR:554,Enemy;Leveling,15,fca81465474b5823d8019a62b4b3f9612654c16151b87b5ce40ebb54ccefe0e5,https://www.nexusmods.com/skyrimspecialedition/mods/92028
231,Missives.esp,ESP,Missives,Skyrim.esm;Update.esm,GLOB:344;ACTI:1;BOOK:26;CONT:1;MISC:1;NPC_:3;LVLN:3;LVLI:32;WRLD:6;CELL:21;REFR:52;DIAL:426;INFO:426;QUST:265;PACK:28;FLST:38;MESG:11;DLBR:426,Class;ActorState;Enemy;Leveling;Durability,693,6892d9199efc513003d74afb071b3191ab30305434f5b904af13df30cc85f28a,https://www.nexusmods.com/skyrimspecialedition/mods/17576
232,Grand Solitude - Missives patch.esp,ESPFE,Grand Solitude Patch Collection,Skyrim.esm;Missives.esp;Grand Solitude - The Walls of High King Erling.esp,WRLD:1;CELL:3;REFR:4,Enemy;Leveling,0,e8a05701b759f2b6e510afa0ed129ecc0123ce6a600a213aa0a27054d9910c07,https://www.nexusmods.com/skyrimspecialedition/mods/157450
233,Missives - Bigger Trigger Box Range.esp,ESPFE,Missives - Bigger Trigger Box,Skyrim.esm;Update.esm;Missives.esp,WRLD:6;CELL:9;REFR:9,Enemy;Leveling,1,9aeaff9e8b6b409a5befc5f174c1d6e7297cb0f206c4ecdbc2afaec9c6d5f42a,https://www.nexusmods.com/skyrimspecialedition/mods/67772
234,JKs Castle Volkihar - CC Fishing patch.esp,ESPFE,JK's Guild HQ Interiors Patch Collection,Skyrim.esm;Dawnguard.esm;ccBGSSSE001-Fish.esm;JK's Castle Volkihar.esp,WRLD:1;CELL:7;REFR:12,Enemy;Leveling,6,4554995aa5be4a25183de8307e25782748d66dadf0165ad6633f37774dc6fd77,https://www.nexusmods.com/skyrimspecialedition/mods/61416
235,Northern Scenery - BleakFallBarrow.esp,ESPFE,Northern Scenery - Bleak Falls Barrow,Skyrim.esm;Update.esm,WRLD:1;CELL:5;REFR:33,Enemy;Leveling,3,6e4893a5a650690360f99839abc9a579b150b903d671693ea505ee885ab28d74,https://www.nexusmods.com/skyrimspecialedition/mods/94647
236,Northern Scenery_Angarvunde.esp,ESPFE,Northern Scenery - Angarvunde,Skyrim.esm;Update.esm,CONT:1;STAT:8;NAVI:1;WRLD:1;CELL:3;REFR:77,Enemy;Leveling,1,ff9012b5422c37e24bfa04166667607b56a5530f23d628827f10200550bb942f,https://www.nexusmods.com/skyrimspecialedition/mods/94650
237,MoonGlowSize.esp,ESPFE,Praedy's Night Sky AIO - SE,Skyrim.esm,GMST:2,Damage,0,b277fc604255829a93a4c6fe700d217fff2957842107988f06fdc826c100c7d8,https://www.nexusmods.com/skyrimspecialedition/mods/47530
238,JK's Castle Volkihar LOD.esp,ESPFE,JK's Castle Volkihar LOD fix,Skyrim.esm;JK's Castle Volkihar.esp,STAT:2,,0,2d59a4b3b90047d8eed25ce2a8412d66d27f50ee7f07b999645ec5c748f52f27,https://www.nexusmods.com/skyrimspecialedition/mods/134979
239,Whiterun Has Walls - Occlusion.esp,ESPFE,Whiterun Has Walls Redone,Skyrim.esm;Update.esm;Dawnguard.esm;HearthFires.esm;Dragonborn.esm;Whiterun Has Walls.esm,WRLD:1;CELL:8;REFR:72,Enemy;Leveling,2,666ad9fd440df51b2064054dc67497b0bd00af0a09c6ffafcdcf56b433aee9f3,https://www.nexusmods.com/skyrimspecialedition/mods/119229
240,Whiterun Has Walls - Clutter.esp,ESPFE,Whiterun Has Walls Redone,Skyrim.esm;Update.esm;Dawnguard.esm;HearthFires.esm;Dragonborn.esm;Whiterun Has Walls.esm,WRLD:1;CELL:6;REFR:254,Enemy;Leveling,0,824a6d22e1e404f0394cb47d682192efe566dd04697c948264965d3844cac664,https://www.nexusmods.com/skyrimspecialedition/mods/119229
241,Nordic Windhelm Chimney Smoke.esp,ESPFE,Nordic Windhelm,Skyrim.esm,WRLD:1;CELL:7;REFR:9;LAND:6,Enemy;Leveling,5,f819e520f10deb7155b352b8042c0712d22d40b0dbb5e4029ee0d6b87af2b129,https://www.nexusmods.com/skyrimspecialedition/mods/164803
242,Embers XD - Light Placer.esp,ESPFE,Embers XD,Skyrim.esm,LIGH:8,,0,2fedb0f3a91d47724a43233b0ffe10965a7b72e7dcaeb9cbd4000291a1ecb1c2,https://www.nexusmods.com/skyrimspecialedition/mods/37085
243,Embers XD - Fire Magick Add-On.esp,ESPFE,Embers XD,Skyrim.esm;Embers XD.esp,PROJ:3;EFSH:9;ADDN:3,Damage,0,27b257b4ea619f958a8d744a4d7c34c58d48840c6c0d8e4aabdc804387ffe5e9,https://www.nexusmods.com/skyrimspecialedition/mods/37085
244,Embers XD - Patch - Survival Mode.esp,ESPFE,Embers XD,Skyrim.esm;Dragonborn.esm;ccQDRSSE001-SurvivalMode.esl;Embers XD.esp,FLST:1,ActorState,1,fd336dadb83a4ab0dc130da7debf4f2813281179c842426ed07273d177cb9d99,https://www.nexusmods.com/skyrimspecialedition/mods/37085
245,Racial Body Morphs - Extreme.esp,ESP,Racial Body Morphs Redux - Extreme,Skyrim.esm;Dawnguard.esm;Dragonborn.esm,RACE:26,Class;Damage;ActorState,2,7d8c357e0028d8ce6debf506411c21825737a4f5dc33c69356d0d376f64d58ef,https://www.nexusmods.com/skyrimspecialedition/mods/65047
246,JKs Skyrim - USSEP patch.esp,ESPFE,JK's Skyrim Patch Collection,Skyrim.esm;unofficial skyrim special edition patch.esp;JKs Skyrim.esp,WRLD:1;CELL:1;REFR:1,Enemy;Leveling,0,08871e795083fb2250bad5cd47851887fef79613a6adfa7b032fda8711f5d241,https://www.nexusmods.com/skyrimspecialedition/mods/154077
247,JKs Palace of the Kings - Embers XD Patch.esp,ESPFE,JK's Interiors Patch Collection,Skyrim.esm;Update.esm;Dawnguard.esm;HearthFires.esm;Dragonborn.esm;Embers XD.esp;JK's Palace of the Kings.esp,CELL:1;REFR:7,Enemy;Leveling,0,f8466cac7b6720200c25ec12720caf028177ba0a89fde47b3d683d9a905f3030,https://www.nexusmods.com/skyrimspecialedition/mods/35910
248,JKs Ragged Flagon - Embers XD Patch.esp,ESPFE,JK's Interiors Patch Collection,Skyrim.esm;Update.esm;Dawnguard.esm;HearthFires.esm;Dragonborn.esm;JK's The Ragged Flagon.esp;Embers XD.esp,CELL:1;REFR:5,Enemy;Leveling,0,13b06ecf39bdb0e0156a9598da2596d57a7674a282e0e8906551c7283fcd12dd,https://www.nexusmods.com/skyrimspecialedition/mods/35910
249,JKs Ragged Flagon - USSEP Patch.esp,ESPFE,JK's Interiors Patch Collection,Skyrim.esm;Update.esm;Dawnguard.esm;HearthFires.esm;Dragonborn.esm;Unofficial Skyrim Special Edition Patch.esp;JK's The Ragged Flagon.esp,NAVI:1;CELL:1;NAVM:1,Enemy;Leveling,0,ce7fb971bb20d80f486497c65fa0117b5ae5fa2fadfaaa5ae47d8143d421f9e9,https://www.nexusmods.com/skyrimspecialedition/mods/35910
250,JKs Palace of the Kings - USSEP Patch.esp,ESPFE,JK's Interiors Patch Collection,Skyrim.esm;Unofficial Skyrim Special Edition Patch.esp;JK's Palace of the Kings.esp,PACK:1,,0,979b77af95a165d739e3ef65e0d60135e2a174860c5cc96751d502aff65247f9,https://www.nexusmods.com/skyrimspecialedition/mods/35910
251,JKs College of Winterhold - USSEP patch.esp,ESPFE,JK's Guild HQ Interiors Patch Collection,Skyrim.esm;Dawnguard.esm;Unofficial Skyrim Special Edition Patch.esp;JK's College of Winterhold.esp,CELL:3;REFR:8,Enemy;Leveling,1,ca233b334f6d71a29ab460d4c75c0c234196dccf8afa0d926cc4b9394165579f,https://www.nexusmods.com/skyrimspecialedition/mods/61416
252,JKs Sky Haven Temple - USSEP Patch.esp,ESPFE,JK's Guild HQ Interiors Patch Collection,Skyrim.esm;Update.esm;Unofficial Skyrim Special Edition Patch.esp;JK's Sky Haven Temple.esp,ACTI:1;WRLD:1;CELL:1,Enemy;Leveling,1,397eed49acd54a6b907173688cfe76e29b4f0f7b107f7d47b5f84849c2f355eb,https://www.nexusmods.com/skyrimspecialedition/mods/61416
253,JKs Dark Brotherhood Sanctuary - USSEP patch.esp,ESPFE,JK's Guild HQ Interiors Patch Collection,Skyrim.esm;Update.esm;Unofficial Skyrim Special Edition Patch.esp;JK's Dark Brotherhood Sanctuary.esp,CELL:1;REFR:2,Enemy;Leveling,1,da05b79d7c29230038f178e73ba63eb21d6c44186fceabcc11646a62afca2df6,https://www.nexusmods.com/skyrimspecialedition/mods/61416
254,JKs Castle Volkihar - Embers XD patch.esp,ESPFE,JK's Guild HQ Interiors Patch Collection,Skyrim.esm;Dawnguard.esm;JK's Castle Volkihar.esp;Embers XD.esp,CELL:1;REFR:6,Enemy;Leveling,1,ab91d205d3249fdf6a24d6fddb707831882e6b472acad0c31f0181527ba1a455,https://www.nexusmods.com/skyrimspecialedition/mods/61416
255,JKs Thieves Guild - USSEP patch.esp,ESPFE,JK's Guild HQ Interiors Patch Collection,Skyrim.esm;unofficial skyrim special edition patch.esp;JK's Thieves Guild.esp,CELL:1;REFR:16,Enemy;Leveling,0,bb9177a5e924abc68c0694d9d4cb9f2dcddbfccb943edbc2e9778948cd67f047,https://www.nexusmods.com/skyrimspecialedition/mods/61416
256,JKs Bards College - USSEP patch.esp,ESPFE,JK's Guild HQ Interiors Patch Collection,Skyrim.esm;Unofficial Skyrim Special Edition Patch.esp;JK's The Bards College.esp,CELL:1;ACHR:1;REFR:11,Enemy;Leveling,1,f3113a642f38dea79e38df879e0117e23ae877b7e9eb81a3d5d163d085af8276,https://www.nexusmods.com/skyrimspecialedition/mods/61416
257,JKs Thieves Guild - Daedric Shrines patch.esp,ESPFE,JK's Guild HQ Interiors Patch Collection,Skyrim.esm;man_DaedricShrines.esp;JK's Thieves Guild.esp,ACTI:2;CELL:1;REFR:5,Enemy;Leveling,0,a63ad56b93cddd2b79b4fad4df20c02158ca41ee6b3b549de68e7aa1e2100e09,https://www.nexusmods.com/skyrimspecialedition/mods/61416
258,JKs High Hrothgar - Embers XD patch.esp,ESPFE,JK's Guild HQ Interiors Patch Collection,Skyrim.esm;JK's High Hrothgar.esp,CELL:1;REFR:9,Enemy;Leveling,0,ee802c02990e7380c3b185c5445651d20830397cf82e31bcfd21087389f2feda,https://www.nexusmods.com/skyrimspecialedition/mods/61416
259,JKs Dark Brotherhood Sanctuary - Man Sithis Statue patch.esp,ESPFE,JK's Guild HQ Interiors Patch Collection,Skyrim.esm;Update.esm;Dawnguard.esm;HearthFires.esm;Dragonborn.esm;JK's Dark Brotherhood Sanctuary.esp;man_sithis.esp,CELL:1;REFR:4,Enemy;Leveling,1,466e0b9fb95447aba1a5882cafaf0366c18090ccfcdffa137044d70874468003,https://www.nexusmods.com/skyrimspecialedition/mods/61416
260,JKs Nightingale Hall - Daedric Shrines patch.esp,ESPFE,JK's Guild HQ Interiors Patch Collection,Skyrim.esm;JK's Nightingale Hall.esp,CELL:1;REFR:1,Enemy;Leveling,1,e5ceeb263476d5ff64b487bf4966e30f6eab102b9d707c2625c6922394f0870f,https://www.nexusmods.com/skyrimspecialedition/mods/61416
261,Curse of the Vampire.esp,ESP,Curse of the Vampire SSE,Skyrim.esm;Update.esm;Dawnguard.esm;HearthFires.esm;Dragonborn.esm,TXST:1;GLOB:17;SOUN:3;MGEF:74;SPEL:77;SCRL:1;CONT:1;LIGH:1;PROJ:2;LVLI:2;QUST:4;LSCR:5;EFSH:3;EXPL:1;IMAD:5;FLST:2;PERK:34;AVIF:1;IPCT:1;IPDS:1;MESG:15;ARTO:3;SNDR:4,Class;Damage;ActorState;Enemy;Leveling;Durability,210,53b5ea6fafb10ba5e47577979e7dc1b49c569f5578ac73312151a211d25dc95d,https://www.nexusmods.com/skyrimspecialedition/mods/10086
262,Manbeast.esp,ESPFE,Manbeast - A Werewolf Overhaul,Skyrim.esm;Update.esm;Dawnguard.esm;HearthFires.esm;Dragonborn.esm,KYWD:10;TXST:1;GLOB:6;RACE:1;MGEF:94;ENCH:4;SPEL:54;ACTI:3;ARMO:4;BOOK:1;NPC_:3;QUST:2;EFSH:2;FLST:3;PERK:43;AVIF:1;IPCT:1;IPDS:1;MESG:7;WOOP:6;SHOU:6;ARTO:1;SNDR:1,Class;Damage;ActorState;Enemy;Leveling;Durability,222,a43c687cbda876f7417a918de3e247b8e44f4f78e76171fb3806c0a9a5042fda,https://www.nexusmods.com/skyrimspecialedition/mods/44746
263,Mundus.esp,ESPFE,Mundus - A Standing Stone Overhaul,Skyrim.esm;Update.esm,KYWD:8;MGEF:36;SPEL:15;STAT:1;LSCR:11;EFSH:1;PERK:9;MESG:26,Class;Damage;ActorState;Durability,63,eed555272045063643e45b5b23806c14a3c3a8118035db6483c1a0c67f97b17e,https://www.nexusmods.com/skyrimspecialedition/mods/33411
264,MundusUSSEP.esp,ESPFE,Mundus - A Standing Stone Overhaul,Skyrim.esm;Update.esm;Dawnguard.esm;HearthFires.esm;Dragonborn.esm;Unofficial Skyrim Special Edition Patch.esp,LSCR:1,,0,0835e9c84ba2e00dc647bef66604e6b1e0b11c6ec78a5ba2d9000936278cc054,https://www.nexusmods.com/skyrimspecialedition/mods/33411
265,Artificer - USSEP.esp,ESPFE,Artificer - An Artifact Overhaul,Skyrim.esm;Update.esm;Dawnguard.esm;Dragonborn.esm;Unofficial Skyrim Special Edition Patch.esp;Artificer.esp,ARMO:10;WEAP:2;NPC_:2;COBJ:21,Damage;ActorState;Enemy;Leveling;Durability,26,c7375b8d666e5467d6bbe44f175bcbf4f7d0cbe90323f2a9e39dcfdf78cb32bb,https://www.nexusmods.com/skyrimspecialedition/mods/99619
266,Apothecary - Saints & Seducers Patch.esp,ESPFE,Apothecary - An Alchemy Overhaul,Skyrim.esm;ccbgssse025-advdsgs.esm;Apothecary.esp,MGEF:1;INGR:4;ALCH:1,Damage;ActorState,6,6c0cdd74bd3cd5618f2a9687404d799726d7121dcaccf9fc78781c958b1a53f1,https://www.nexusmods.com/skyrimspecialedition/mods/52130
267,Apothecary - Rare Curios Patch.esp,ESPFE,Apothecary - An Alchemy Overhaul,Skyrim.esm;Update.esm;Dawnguard.esm;HearthFires.esm;Dragonborn.esm;ccbgssse037-curios.esl;Apothecary.esp,KYWD:1;MGEF:4;INGR:51;ALCH:1,Damage;ActorState;Durability,57,8d50352f0f963143be2be9d0533e8f4c125178a04cea4174cadf08de9bd61b8c,https://www.nexusmods.com/skyrimspecialedition/mods/52130
268,Apothecary - Fishing Patch.esp,ESPFE,Apothecary - An Alchemy Overhaul,Skyrim.esm;ccBGSSSE001-Fish.esm;Apothecary.esp,INGR:9,Damage;ActorState,9,682fc7003b0d3f1d74d00a661fd1bbdfa70dd3ebbd352489d635967f8879ac01,https://www.nexusmods.com/skyrimspecialedition/mods/52130
269,Potion Remodels Apothecary Patch.esp,ESPFE,Apothecary and CACO Patches for Potion Remodels,Skyrim.esm;Apothecary.esp,ALCH:32,Damage;ActorState,32,be9f4e8d3e4335adaa014029922bbab31c784f50926561a48e4076777e9937c1,https://www.nexusmods.com/skyrimspecialedition/mods/58655
270,Awesome Potions Simplified by Revoith.esp,ESPFE,Awesome Potions Simplified by Revoith,Skyrim.esm,ALCH:2,Damage;ActorState,2,c3441642855bae9946ae4a148b52e5305e6c5eaaf8771ef2873c622f3a6d623d,https://www.nexusmods.com/skyrimspecialedition/mods/57607
271,smMealtime.esp,ESP,Mealtime - A simple ESO inspired Food Overhaul,Skyrim.esm;Update.esm;Dawnguard.esm;HearthFires.esm;Dragonborn.esm,KYWD:11;MGEF:12;ALCH:82,Damage;ActorState;Durability,23,69a46f708201cc6bac762a9473c386045d1d785066b730544c72a71d96f2f4bf,https://www.nexusmods.com/skyrimspecialedition/mods/30128
272,smMealtime - Survival Patch.esp,ESP,Mealtime - Survival mode patches,Skyrim.esm;Update.esm;HearthFires.esm;Dragonborn.esm;smMealtime.esp;ccqdrsse001-survivalmode.esl,ALCH:82,Damage;ActorState,82,b8cf95a205be3166948b9867009d16f3a6a822b84550df5ddc0d3539072adc00,https://www.nexusmods.com/skyrimspecialedition/mods/30328
273,New Legion Redux.esp,ESPFE,New Legion Redux,Skyrim.esm;Update.esm;Dawnguard.esm;HearthFires.esm;Dragonborn.esm,ARMO:6;COBJ:3;LVLI:4;ARMA:14;OTFT:2,Damage;Enemy;Durability,6,48863582f4f02cc2f7d0ad9edcbdeeccebac3fa0eacee9a5b4a0eeb546e1d439,https://www.nexusmods.com/skyrimspecialedition/mods/78062
274,Sorcerer.esp,ESP,Sorcerer - A Staff and Scroll Overhaul,Skyrim.esm;Update.esm;Dawnguard.esm;HearthFires.esm;Dragonborn.esm;MysticismMagic.esp,KYWD:17;TXST:1;GLOB:1;MGEF:6;SPEL:2;BOOK:244;CONT:7;MISC:4;STAT:2;FURN:2;WEAP:5;COBJ:1068;SLGM:8;LVLI:20;CELL:4;REFR:82;QUST:1;PERK:248;SMQN:1,Class;Damage;ActorState;Enemy;Leveling;Durability,1369,ebc1f3f04c1a65ba2a9a166e97ce3bbdecfc5ea99a3c9bd4ba2361c53c85017b,https://www.nexusmods.com/skyrimspecialedition/mods/95196
275,imp_helm_legend.esp,ESP,Improved closefaced helmets,Skyrim.esm;Update.esm;Dawnguard.esm;Dragonborn.esm,ARMO:51;ARMA:141,Damage;Durability,0,5b224277735087d895e95e35b19df29b9dfdc2d41dbf3a6a9059aa7200e32b77,https://www.nexusmods.com/skyrimspecialedition/mods/824
276,Alchemy Requires Bottles Redux.esp,ESPFE,ALCHEMY OVERHAUL,Skyrim.esm;Update.esm;Dawnguard.esm;Dragonborn.esm,CONT:25;MISC:1;LVLI:1;QUST:4;FLST:1;MESG:1;SMQN:2,ActorState;Enemy;Leveling;Durability,6,1129d9b6b7162278383a6573e3b7c38a6620db900e225d1173a4abb10debf8c5,LOCAL: no public mod ID recorded
277,Craftable Empty Alchemy Bottles.esp,ESP,ALCHEMY OVERHAUL,Skyrim.esm;HearthFires.esm;Alchemy Requires Bottles Redux.esp;Update.esm,COBJ:1,Durability,1,a2656314916397ac66b77b004a4ce28a0ceed4be28b74df5927041451aa27c27,LOCAL: no public mod ID recorded
278,DEG_DontEatGlass.esp,ESPFE,ALCHEMY OVERHAUL,Skyrim.esm;Update.esm;Dawnguard.esm;HearthFires.esm;Dragonborn.esm,KYWD:25;GLOB:1;FACT:1;MISC:17;DIAL:1;INFO:1;QUST:2;FLST:1;DLBR:1,Class;ActorState;Enemy;Leveling;Durability,30,26a79ffa6197d16979baff9cb47dffa55cd5f859a00a44067b9625132eb750f0,LOCAL: no public mod ID recorded
279,GlassMaking&Recycling.esp,ESPFE,ALCHEMY OVERHAUL,Skyrim.esm;Update.esm;Dawnguard.esm;HearthFires.esm;Dragonborn.esm,CONT:19;INGR:2;LIGH:1;MISC:12;STAT:3;COBJ:40;LVLI:19;FLST:2,Damage;ActorState;Enemy;Durability,61,fa6ffeca0cd6b55f64cbd8d833640788e18d4a64c911f68a0d2b89002a27333a,LOCAL: no public mod ID recorded
280,Alchemy Requires Bottles - Empty Bottle Patch.esp,ESPFE,ALCHEMY OVERHAUL,Skyrim.esm;Alchemy Requires Bottles Redux.esp,MISC:1,,0,077be18ab0e4abbc39fc06105ca2bedc9c43f9ccc2cc8fba666788e5468e35f6,LOCAL: no public mod ID recorded
281,DontEatGlass_GlassMaking-Patch.esp,ESPFE,ALCHEMY OVERHAUL,Skyrim.esm;DEG_DontEatGlass.esp;GlassMaking&Recycling.esp,COBJ:7,Durability,7,f4f477db574a52e8e59b8a756ef41565310eb55d7c5c4b5c9239da88dee6c4e5,LOCAL: no public mod ID recorded
282,MacAwesomeEmptyAlchemyBottles.esp,ESPFE,Mac's Empty Bottles for Alchemy Requires Bottles Redux - Awesome Potions Simplified Version,Skyrim.esm;Alchemy Requires Bottles Redux.esp;Awesome Potions Simplified by Revoith.esp,MISC:1,,0,ffbb4ac174133c6e906c024f8dd1112138e5199d753688034b3b0e89cd6545a5,https://www.nexusmods.com/skyrimspecialedition/mods/78552
283,DragonPriestArmor_ICH_Patch.esp,ESPFE,Armory of the Dragon Cult - Dragon Priest Armor,Skyrim.esm;Dawnguard.esm;Dragonborn.esm;imp_helm_legend.esp;DragonPriestArmor.esp,ARMA:6,,0,4ac3ade98e1e9b46796b7094da092c5935e5b7d9e64f85a76362ebd182f4c7a5,https://www.nexusmods.com/skyrimspecialedition/mods/94244
284,Missile IED Meshes.esp,ESPFE,Missile's IED Preset - Immersive Equipment Displays,Skyrim.esm,KYWD:13;GLOB:2;MISC:6,Class;ActorState;Leveling;Durability,15,702a47ff51be4a4b8c2e5e77108934f7ba0f7dead4709446f7b7e915432dd37f,https://www.nexusmods.com/skyrimspecialedition/mods/67770
285,[FB] Master Thief Armor.esp,ESPFE,Master Thief Armor 3BA-BHUNP-UNP-CBBE-HIMBO-Vanilla,Skyrim.esm,TXST:2;ARMO:24;COBJ:39;ARMA:24,Damage;Durability,48,983d2f26bd7c1b702c165ea6e28333aecaddc8fe348bfd056d90cd8376886e8f,https://www.nexusmods.com/skyrimspecialedition/mods/141700
286,MCMHelper.esp,ESPFE,MCM Helper,SkyUI_SE.esp,,,0,5f9dad2ca8896ad2ad0c8ade678dc684f005c62d54dd6e9bcd7efe1b0fc7f7fc,https://www.nexusmods.com/skyrimspecialedition/mods/53000
287,NB-FurHoods.esp,ESP,Northborn Fur Hoods,Skyrim.esm;Update.esm,KYWD:23;ARMO:18;MISC:3;COBJ:46;ARMA:24,Damage;ActorState;Durability,62,e7ff9bc7617d0c610a6dbc3f6927dd639a6e64c57d7a921cda0e6a8c21f04acf,https://www.nexusmods.com/skyrimspecialedition/mods/1184
288,Black Mage Armor SE.esp,ESP,Black Mage Armor SE,Skyrim.esm;Update.esm,KYWD:3;TXST:3;GLOB:1;MGEF:1;SPEL:1;ARMO:80;CONT:2;MISC:1;COBJ:126;LVLI:4;CELL:1;REFR:3;QUST:2;PERK:1;ARMA:55,Class;Damage;ActorState;Enemy;Leveling;Durability,161,14b0319fac89e3dcaaf996d9388589ea869f9440f78ee968904feee156cc257f,https://www.nexusmods.com/skyrimspecialedition/mods/356
289,Sentinel.esp,ESPFE,Sentinel - An Equipment Overhaul,Skyrim.esm;Update.esm;Dawnguard.esm;Dragonborn.esm;Sentinel - Master Plugin.esp,KYWD:25;TXST:67;ARMO:256;STAT:40;WEAP:35;COBJ:530;LVLI:87;DIAL:1;INFO:22;ARMA:378;OTFT:55,Damage;ActorState;Enemy;Durability,673,d7e2ebc505005a455fea366961c5e2243c2db4d239d39390352d4890ba5c64fd,https://www.nexusmods.com/skyrimspecialedition/mods/100985
290,SteelRetexture_SentinelGildedSteelArmor.esp,ESPFE,Steel Armors and Weapons Retexture SE,Skyrim.esm;Sentinel.esp,TXST:5;ARMA:1,,0,8bf6b14287ae97122b058007e22f8fb6c50f14f4410be5447ac6c7b8247ebc84,https://www.nexusmods.com/skyrimspecialedition/mods/85445
291,Grimoire.esp,ESP,Grimoire - An Enchanting Addon for Sentinel,Skyrim.esm;Update.esm;Dragonborn.esm;Sentinel.esp,ARMO:2644;WEAP:441;LVLI:573,Damage;Enemy;Durability,343,be514ecc790d93dc7c407a968a4dd7007bfc27d40b5f7b5ab80010c7c7744a0f,https://www.nexusmods.com/skyrimspecialedition/mods/142422
292,Grimoire - Thaumaturgy.esp,ESPFE,Grimoire - An Enchanting Addon for Sentinel,Skyrim.esm;Update.esm;Dragonborn.esm;Sentinel.esp;Grimoire.esp;Thaumaturgy.esp,ARMO:2644;WEAP:441;LVLI:230,Damage;Enemy;Durability,671,c5abb7110e1c736c36ea18d0db7aa1ce0a53de858583844943a7fd8f040fb3c7,https://www.nexusmods.com/skyrimspecialedition/mods/142422
293,Sentinel - Priests and Acolytes.esp,ESPFE,Sentinel - An Equipment Overhaul,Skyrim.esm;Update.esm;Dawnguard.esm;Dragonborn.esm;Sentinel.esp,KYWD:3;TXST:23;ARMO:40;COBJ:38;LVLI:5;ARMA:43;OTFT:16,Damage;ActorState;Enemy;Durability,86,f82b1cddec3bc5a1028feb7565cbf2ce2a2058774b2d1d12306267d4d097a02c,https://www.nexusmods.com/skyrimspecialedition/mods/100985
294,Sentinel - City Guards.esp,ESPFE,Sentinel - An Equipment Overhaul,Skyrim.esm;Update.esm;Dawnguard.esm;Dragonborn.esm;Sentinel.esp,ARMO:79;STAT:9;WEAP:9;COBJ:70;LVLI:46;ARMA:136;OTFT:17,Damage;Enemy;Durability,136,6474b70ab7f5d10d45256586ebcbbf13d01860d4204f0e20fb837c3df87b603b,https://www.nexusmods.com/skyrimspecialedition/mods/100985
295,TrueDirectionalMovement.esp,ESPFE,True Directional Movement - Modernized Third Person Gameplay,Skyrim.esm,GLOB:5;MGEF:1;SPEL:1;QUST:1,Class;Damage;ActorState;Enemy;Leveling,8,deb6707f859ef41f37ab2c4e124143ffe9cb0416a175d604be683f99386acccf,https://www.nexusmods.com/skyrimspecialedition/mods/51614
296,Precision.esp,ESPFE,Precision - Accurate Melee Collisions,Skyrim.esm,GLOB:1;QUST:1;FLST:1,Class;ActorState;Enemy;Leveling,3,48bea576dadadb93f3af3701baf634e870fc4e0ce6c6ee94fa5f2072d2520790,https://www.nexusmods.com/skyrimspecialedition/mods/72347
297,FNIS.esp,ESP,Pandora Behaviour Engine Plus,,,,0,28edbfa461abf408edf3c8d279b7c4839b048e9cf3e4dd467124f33429498d06,https://www.nexusmods.com/skyrimspecialedition/mods/133232
298,Dynamic Sprint.esp,ESPFE,Dynamic Sprint,Skyrim.esm,KYWD:4;MGEF:4;SPEL:4;MOVT:1,Class;Damage;ActorState;Durability,12,08d196ddea31b0cc8f4a377adad8d1f9f47eacb5a28599f400087b0a33c03fae,https://www.nexusmods.com/skyrimspecialedition/mods/95561
299,Draw Fix - Move Equip Animation Fix.esp,ESPFE,Draw Fix - Move Equip Animation Fix,Skyrim.esm;Update.esm,QUST:1,ActorState;Enemy;Leveling,1,741d9b17ae6ecfa2950ee3f113d6858dedef2289a612465851e3b859247b6993,https://www.nexusmods.com/skyrimspecialedition/mods/147478
300,SkyParkour.esp,ESPFE,SkyParkour v3 - Procedural Parkour and Climbing Framework (SPPF),Skyrim.esm,QUST:1;SNDR:8,ActorState;Enemy;Leveling,1,d194223ebdf8f74842092f3a7aea04bd304a5784b03ad490e3ed5df9accff3fa,https://www.nexusmods.com/skyrimspecialedition/mods/132292
301,Smooth Moveset.esp,ESPFE,Smooth Moveset - OAR,Skyrim.esm,KYWD:9;MGEF:19;SPEL:19;SNDR:3,Class;Damage;ActorState;Durability,47,94919d979216e1f09bb402d0c82fcec1062f380cd53dcea48ef903fa99cf0cc2,https://www.nexusmods.com/skyrimspecialedition/mods/149713
302,For Honor Reforged - Removed Effects Patch.esp,ESPFE,For Honor Reforged,Skyrim.esm;For Honor in Skyrim.esp;Smooth Moveset.esp,MGEF:4;SNDR:2,Damage;ActorState,4,fd8b47f5a7707f31eee84386572d58cf2820628f721ac0a1fad9a9c05214cabd,https://www.nexusmods.com/skyrimspecialedition/mods/172176
303,For Honor Balance Patch.esp,ESPFE,For Honor Reforged,Skyrim.esm;Smooth Moveset.esp;For Honor in Skyrim.esp,KYWD:7;MGEF:68;SPEL:56;QUST:1;PERK:12;MESG:2;SNDR:10,Class;Damage;ActorState;Enemy;Leveling;Durability,144,153510ffa52ec000b1d0e3f88549c1c04cded043a232125c09acf5e07a881293,https://www.nexusmods.com/skyrimspecialedition/mods/172176
304,Reforged Directional Combat.esp,ESPFE,For Honor Reforged,Skyrim.esm;Update.esm;Dragonborn.esm;Smooth Moveset.esp;For Honor in Skyrim.esp;For Honor Balance Patch.esp,KYWD:7;MGEF:31;SPEL:13;QUST:1;PERK:3;MESG:1,Class;Damage;ActorState;Enemy;Leveling;Durability,55,b18906f9fa41aa9b3fc8b3eeab60a5a4d1dab09c33ef99368a4a326d16e0d095,https://www.nexusmods.com/skyrimspecialedition/mods/172176
305,DF - Official Creature Pack.esp,ESPFE,DF - Official Creature Asset Pack,Skyrim.esm;Update.esm;Dawnguard.esm;Dismembering Framework.esm,TXST:2;ARMO:38;MISC:98;ARMA:53;ARTO:25,Damage;Durability,38,f7bd6444199bf83e3908c59acab0c620f3735475cb5bd46467c404f00cc346e7,https://www.nexusmods.com/skyrimspecialedition/mods/126328
306,DF - Official Humanoid Pack.esp,ESPFE,DF - Official Humanoid Asset Pack,Skyrim.esm;Dismembering Framework.esm,MGEF:1;SPEL:1;ARMO:10;MISC:712;ARMA:18;ARTO:6,Class;Damage;ActorState;Durability,12,64feb274a4def2e59eba572e2d264c9521901dd44e1ff882a03caaaab63cc949,https://www.nexusmods.com/skyrimspecialedition/mods/126327
307,Next-Gen Decapitations.esp,ESPFE,Next-Gen Decapitations,Skyrim.esm,ARMO:6;ARMA:10;OTFT:1;ARTO:2,Damage;Enemy;Durability,6,f977c7eed0b0c822d6ea8c6ebe419a7a6155a95211defca4f8f4a6338d58fd7b,https://www.nexusmods.com/skyrimspecialedition/mods/135254
308,Dynamic Impact - Slash Effects X.esp,ESPFE,Dynamic Impact - Slash Effects X,Skyrim.esm;Dawnguard.esm,ADDN:6;IPCT:68;IPDS:11,,0,e43c5d287e584d73993e88f7f27a3b0c652ceb3ed13064cdfecfa07f9f051d49,https://www.nexusmods.com/skyrimspecialedition/mods/86071
309,Sanguine Symphony.esp,ESPFE,Sanguine Symphony,Skyrim.esm,TXST:22;GLOB:7;SOUN:2;MGEF:9;SPEL:9;PROJ:9;QUST:1;IMAD:3;ADDN:9;IPCT:34;IPDS:9;MESG:6;SNDR:18,Class;Damage;ActorState;Enemy;Leveling,26,e23bd3bd7185eaeae550009b5c97c9d620b898782218b849aa79f084b97bbc14,https://www.nexusmods.com/skyrimspecialedition/mods/148388
310,UntarnishedUI_Subtitle.esp,ESPFE,Aetherius UI - Untarnished Baseline,Skyrim.esm,,,0,9234b87a8d437a2c791ff4e35e5c3494bf5c3be7d07fddb99667f7f41b8a1efb,https://www.nexusmods.com/skyrimspecialedition/mods/149364
311,scar-adxp-patch.esp,ESPFE,SCAR,Skyrim.esm,IDLE:4,,0,2454e3cc446d40d5453617bb4dee5568a6bda1a77077e321f79aec1806a97c32,LOCAL: no public mod ID recorded
312,imp_helm_Sentinel.esp,ESPFE,Sentinel - Improved Closefaced Helmets (ICH) Patch,Skyrim.esm;Update.esm;Dawnguard.esm;Dragonborn.esm;Sentinel.esp,ARMO:2;ARMA:8,Damage;Durability,0,28f6d1d487163c4606d39eaac4f6dadc861656b88fdaa95a7e8ae148c01d1e27,https://www.nexusmods.com/skyrimspecialedition/mods/172033
313,NoGrassias.esp,ESPFE,No Grassias - A Universal Grass Fix For Grass Mods,Skyrim.esm;Update.esm;Dawnguard.esm;HearthFires.esm;Dragonborn.esm,LTEX:15,,0,d4a54b4e2b794baac60e31f86b3efa6b1d4448262bbd6b2f08b0bec3b6266695,https://www.nexusmods.com/skyrimspecialedition/mods/35639
314,MysticismTwoHanded.esp,ESP,Mysticism - Two Handed Master Spells,Skyrim.esm;Update.esm;Dawnguard.esm;HearthFires.esm;Dragonborn.esm;MysticismMagic.esp,MGEF:41;SPEL:13,Class;Damage;ActorState,25,4fba50972e9283208b0b0513241ffc07bc67791622e9edfcf73bf2fe57247880,https://www.nexusmods.com/skyrimspecialedition/mods/78555
315,Simple Fishing Overhaul.esp,ESPFE,Simple Fishing Overhaul - Animations and Improved Quest Dialogue,Skyrim.esm;Update.esm;Dawnguard.esm;HearthFires.esm;Dragonborn.esm;ccBGSSSE001-Fish.esm,GLOB:26;LVLI:1;DIAL:77;INFO:176;QUST:2;FLST:3;PERK:1;MESG:2,Class;Damage;ActorState;Enemy;Leveling;Durability,13,dbdeecaab73164fe447e2d3a2621ba320b108971439552ff39fab5af84a8dcf8,https://www.nexusmods.com/skyrimspecialedition/mods/103440
316,SFO_FKDiverseRacialSkeletonsPatch.esp,ESPFE,Simple Fishing Overhaul - Animations and Improved Quest Dialogue,Skyrim.esm;Simple Fishing Overhaul.esp,GLOB:20,Class;Leveling,20,01f1c31a5a44202fa416f5cddb8e59dd7ddbb7607b3598e9ed47507055469b84,https://www.nexusmods.com/skyrimspecialedition/mods/103440
317,Fish Anywhere.esp,ESPFE,Fish Anywhere With Water,Skyrim.esm;Update.esm;Dawnguard.esm;HearthFires.esm;Dragonborn.esm;ccBGSSSE001-Fish.esm,MGEF:1;SPEL:1;ACTI:1;STAT:1;NPC_:1;PROJ:1;CELL:1;REFR:11;ACHR:1;QUST:2;EXPL:1;FLST:1;MESG:2,Class;Damage;ActorState;Enemy;Leveling,8,e19096daf6ca10e7143ecdb7722d2699148afb7b9c37cb8bb6ac2280c05e5cb8,https://www.nexusmods.com/skyrimspecialedition/mods/60915
318,Dragons Change Weather 2.esp,ESPFE,Dragons Change Weather - Cinematic Dragon battles,Skyrim.esm;Update.esm;Dawnguard.esm;Dragonborn.esm,MGEF:1;SPEL:2;WTHR:25;SPGD:11;QUST:1;IMAD:1,Class;Damage;ActorState;Enemy;Leveling,4,877bfb5ff33cb6c79d80aec7255081abfeaa423fec25ead6af03dee1ad5cf65e,https://www.nexusmods.com/skyrimspecialedition/mods/180179
319,Simply Stronger Dragons.esp,ESP,Simply Stronger Dragons,Skyrim.esm;Update.esm;Dawnguard.esm;Dragonborn.esm,RACE:1;SPEL:8;NPC_:2;PERK:2,Class;Damage;ActorState;Enemy;Leveling,13,d7484978bfa0a667f1b05687de5008dd8d95923cb15b4899240b92fcad72ea84,https://www.nexusmods.com/skyrimspecialedition/mods/9917
320,Aetherius.esp,ESPFE,Aetherius - A Race Overhaul,Skyrim.esm;Update.esm;Dawnguard.esm;HearthFires.esm;Dragonborn.esm,GMST:1;KYWD:7;GLOB:1;RACE:23;MGEF:45;SPEL:40;LVLI:1;LSCR:10;PERK:6,Class;Damage;ActorState;Enemy;Leveling;Durability,100,11b168cd02fd1d16a175877708f887bd8c796fc6b9de8f928286db93e82c246a,https://www.nexusmods.com/skyrimspecialedition/mods/26686
321,Aetherius Patch - Racial Body Morphs.esp,ESPFE,Aetherius Patch - Racial Body Morphs,Skyrim.esm;Dawnguard.esm;Dragonborn.esm;Aetherius.esp,RACE:24,Class;Damage;ActorState,0,ac9db1a89156a35207fd2dbfa7df6ac97c9f8061aea6010769221543ace07962,https://www.nexusmods.com/skyrimspecialedition/mods/146737
322,Vokrii - Minimalistic Perks of Skyrim.esp,ESP,Vokrii - Minimalistic Perks of Skyrim,Skyrim.esm;Update.esm;Dawnguard.esm;Dragonborn.esm,KYWD:62;GLOB:28;SOUN:6;MGEF:345;ENCH:4;SPEL:350;SCRL:1;ACTI:1;ARMO:23;CONT:20;INGR:1;LIGH:1;MISC:1;STAT:5;ALCH:1;COBJ:11;HAZD:1;LVLI:19;QUST:6;IDLE:2;PACK:3;EFSH:25;IMAD:1;FLST:38;PERK:426;AVIF:18;ARMA:2;MESG:39;ARTO:10;SNDR:5,Class;Damage;ActorState;Enemy;Leveling;Durability,1034,6d60ef6e669ea4f388c01918164092fda174bd70a13fe4cdc7cfb566d3729f1c,https://www.nexusmods.com/skyrimspecialedition/mods/26176
323,Vokrii - ADXP Patch.esp,ESPFE,Vokrii - ADXP And Balance Patch,Skyrim.esm;Vokrii - Minimalistic Perks of Skyrim.esp,PERK:6,Class;Damage;ActorState,6,e09f8ec033c0fad7987ff7dc1f2d1fb2d4ca78be89db2ad19fc15b8773d9bc66,https://www.nexusmods.com/skyrimspecialedition/mods/128529
324,LostGrimoire_Vokrii_Patch.esp,ESPFE,Lost Grimoire SSE,Skyrim.esm;Dawnguard.esm;Dragonborn.esm;Vokrii - Minimalistic Perks of Skyrim.esp;LostGrimoire.esp,MGEF:6;ENCH:3;SPEL:1;FLST:3,Class;Damage;ActorState;Durability,12,4d3a047e64f5a362f82d71c57ea6d50324fe3ae97f3c2c23cc10db6fdb962f33,https://www.nexusmods.com/skyrimspecialedition/mods/4455
325,Mysticism - Vokrii Compatibility Patch.esp,ESP,Vokrii - Minimalistic Perks of Skyrim,Skyrim.esm;Update.esm;Dawnguard.esm;HearthFires.esm;Dragonborn.esm;MysticismMagic.esp;Vokrii - Minimalistic Perks of Skyrim.esp,MGEF:94;ENCH:64;SPEL:89;SCRL:53;FLST:1;PERK:18;AVIF:1,Class;Damage;ActorState;Durability,241,ce4320b0ec3adaa3994505598673f202df5131334eb852c18a04ab3976364c6e,https://www.nexusmods.com/skyrimspecialedition/mods/26176
326,Vokrii - Thaumaturgy Compatibility Patch.esp,ESP,Vokrii - Minimalistic Perks of Skyrim,Skyrim.esm;Update.esm;Dawnguard.esm;Dragonborn.esm;Thaumaturgy.esp;Vokrii - Minimalistic Perks of Skyrim.esp,PERK:3,Class;Damage;ActorState,3,1780072f7f3bd1d3ea92aa61b0e62310b04d9f31900fab8c1423af7cdefea2b8,https://www.nexusmods.com/skyrimspecialedition/mods/26176
327,Vokrii - Apply Spell Conditions Fix.esp,ESPFE,Vokrii - Scrambled Bugs Compatibility,Skyrim.esm;Update.esm;Dawnguard.esm;Dragonborn.esm;Vokrii - Minimalistic Perks of Skyrim.esp,SPEL:157;PERK:27,Class;Damage;ActorState,184,20250df108ae4aaca3256c26560b7597f1299540442811817d92895dead339f4,https://www.nexusmods.com/skyrimspecialedition/mods/52631
328,PilgrimVokriiMysticismPatch.esp,ESPFE,Pilgrim - A Religion Overhaul,Skyrim.esm;Update.esm;Dawnguard.esm;HearthFires.esm;Dragonborn.esm;Mysticism - Vokrii Compatibility Patch.esp;Vokrii - Minimalistic Perks of Skyrim.esp;MysticismMagic.esp;Pilgrim.esp,KYWD:4;MGEF:5;SPEL:4;PERK:5;AVIF:2,Class;Damage;ActorState;Durability,20,f472a901b66a9665dbc777ede4eb8322364280e6c2fac54a73e082e54035d2d9,https://www.nexusmods.com/skyrimspecialedition/mods/54099
329,Open Sesame - Dungeons Unlocked.esp,ESPFE,Open Sesame - Dungeons Unlocked,Skyrim.esm;Update.esm;Dawnguard.esm;HearthFires.esm;Dragonborn.esm,NPC_:1;CELL:35;REFR:154;ACHR:31;WRLD:5,ActorState;Enemy;Leveling,64,4797abaa98c2d19f84c9f27251a7d844c13c58c086293ca72e7e6e98442306bd,https://www.nexusmods.com/skyrimspecialedition/mods/85956
330,Humanoid Dragon Priest.esp,ESPFE,Humanoid Dragon Priests,Skyrim.esm;Dragonborn.esm,RACE:1;MGEF:1;SPEL:1;ARMO:13;NPC_:22;RFCT:1;ARMA:24;OTFT:13;ARTO:1,Class;Damage;ActorState;Enemy;Leveling;Durability,16,540a2c9a4bfb27ee86cc62fb7d3c347ce8eadd8f6ec3f8cb7e10e7ae6da52893,https://www.nexusmods.com/skyrimspecialedition/mods/122320
331,Resources - The Great Cities.esp,ESP,The Great Cities- Resources,Skyrim.esm;Update.esm;Dawnguard.esm;HearthFires.esm;Dragonborn.esm,FACT:1;STAT:25;TREE:1;NPC_:5;DIAL:46;INFO:327;QUST:1;FLST:1;VTYP:5,ActorState;Enemy;Leveling,8,b0a8524c02fe6acd7a23f20277e0aea6c413f4c1843aceac7742728ba896387c,https://www.nexusmods.com/skyrimspecialedition/mods/104373
332,The Great City of Winterhold v4.esp,ESP,The Great City Of Winterhold SSE Edition,Skyrim.esm;Update.esm;Dawnguard.esm;HearthFires.esm;Dragonborn.esm;Resources - The Great Cities.esp,FACT:14;ACTI:1;BOOK:1;CONT:3;DOOR:1;STAT:114;NPC_:19;KEYM:6;NAVI:1;CELL:57;REFR:9829;ACHR:72;NAVM:78;WRLD:1;LAND:30;DIAL:45;INFO:97;QUST:10;PACK:47;FLST:2;LCTN:17;MESG:1;SMQN:2;DLBR:12;DLVW:5;RELA:12;SCEN:7;OTFT:1,ActorState;Enemy;Leveling,148,fc8a6add1f1218a93b12d6ed3452cfbd78b35ad9f7d30dddf559ac11783faed4,https://www.nexusmods.com/skyrimspecialedition/mods/17127
333,JK's Skyrim - Lightened - Great City of Winterhold.esp,ESPFE,JK's Skyrim AIO - Reduced Cut,Skyrim.esm;JKs Skyrim.esp;JK's Skyrim - Lightened.esp;Resources - The Great Cities.esp;The Great City of Winterhold v4.esp,WRLD:1;CELL:9;REFR:111,Enemy;Leveling,1,ff816dc892ee1a8c27fb0e70b827b854266c56f98973ab9bac66c3b710fc93e5,https://www.nexusmods.com/skyrimspecialedition/mods/110807
334,TGC Winterhold - Embers XD patch.esp,ESPFE,The Great City of Winterhold Patch Collection,Skyrim.esm;Embers XD.esp;The Great City of Winterhold v4.esp,CELL:4;REFR:21,Enemy;Leveling,4,4645bb45298a72c151caed948e4590120d5b18f482826bde1169f033ed933bd3,https://www.nexusmods.com/skyrimspecialedition/mods/74560
335,TGC Winterhold - Missives patch.esp,ESPFE,The Great City of Winterhold Patch Collection,Skyrim.esm;Missives.esp;The Great City of Winterhold v4.esp,WRLD:1;CELL:2;REFR:4,Enemy;Leveling,0,c9a7b2d14fc8b61d7ebfbf7e5fdaa20965786211e47a7a77e5dab8defecea41a,https://www.nexusmods.com/skyrimspecialedition/mods/74560
336,1AncientImperial.esp,ESPFE,Ancient Imperial Armor SE,Skyrim.esm;Update.esm,ARMO:9;STAT:1;WEAP:1;COBJ:18;CELL:20;REFR:38;ARMA:11,Damage;Enemy;Leveling;Durability,39,5570a5305e0b87a3cba78e79e0a859df29190279aa970f52207f3a99760cd95c,https://www.nexusmods.com/skyrimspecialedition/mods/142655
337,Man-at-arms Set.esp,ESPFE,Man-at-Arms Set,Skyrim.esm,TXST:2;ARMO:18;STAT:1;WEAP:1;COBJ:34;ARMA:18,Damage;Durability,3,c85c9d7ccc6754a6b7bbb3c06544e51bfb1e2089735f81070082f770f32c7321,https://www.nexusmods.com/skyrimspecialedition/mods/192061
338,Man-at-arms Set_Alt Progression.esp,ESPFE,Man-at-Arms Set,Skyrim.esm;Man-at-arms Set.esp,ARMO:16;COBJ:32,Damage;Durability,32,de4ed9baa2c2a2f963aa7aaa0ab5753fdf41df5a24c8f84ec3035297cf9fe3ee,https://www.nexusmods.com/skyrimspecialedition/mods/192061
339,Armors of the Velothi PtI - My version by Xtudo.esp,ESPFE,Armors of the Velothi PtI - My version by Xtudo SE - 1K,Skyrim.esm;Update.esm;Dragonborn.esm,ARMO:15;NPC_:1;COBJ:30;WRLD:1;CELL:1;ACHR:1;ARMA:21;OTFT:1,Damage;ActorState;Enemy;Leveling;Durability,35,f43220d150fda57fbcde8f676852f5eac2bd255f2cdc221bfde5ec2a2f11b832,https://www.nexusmods.com/skyrimspecialedition/mods/77825
340,Armors of the Velothi.esp,ESPFE,Armors of the Velothi Pt. I,Skyrim.esm;Update.esm;Dragonborn.esm,ARMO:51;COBJ:100;ARMA:51,Damage;Durability,102,4de9e2401ed2a3d4938a9165ab51d4758d6abe294740c60df531e501d12a60f3,https://www.nexusmods.com/skyrimspecialedition/mods/62752
341,FurSet by keung.esp,ESP,FurArmorSetSE(FrostFall Aware),Skyrim.esm;Update.esm,KYWD:13;TXST:6;ENCH:51;ARMO:225;COBJ:264;ARMA:64,Damage;ActorState;Durability,328,c1818b55c2590903400d1c5cbaa3fea97c8438e19728ffea97d6a0652bc40996,https://www.nexusmods.com/skyrimspecialedition/mods/3544
342,FurSet Survival Patch.esp,ESPFE,FurArmorSetSE Survival Mode Patch,Skyrim.esm;Update.esm;FurSet by keung.esp,ARMO:225,Damage;Durability,169,2fe72d8fe856b4241ac7fc9ae585a3f550cef587297cb1864474b1c87e8b4832,https://www.nexusmods.com/skyrimspecialedition/mods/56552
343,Black Bear Ancient Nord Armor.esp,ESPFE,Black Bear Ancient Nord Armor,Skyrim.esm,ARMO:17;COBJ:34;ARMA:17,Damage;Durability,34,aae8beb8cbfeeb37185dbf98632dd9dc93d56d8d4b2354ebdf07e919efc79363,https://www.nexusmods.com/skyrimspecialedition/mods/60040
344,ColdBreathNG.esp,ESPFE,Cold Breath NG,,ARTO:20;RFCT:20,,0,a375c2b737891f09e67630190ae4217175a085e29d0beb0f5d8371bd1ee288a1,https://www.nexusmods.com/skyrimspecialedition/mods/174838
345,Vanilla hair remake_Unlocked.esp,ESPFE,Vanilla hair remake unlocked addon - STATIC,Skyrim.esm,HDPT:733,,0,8179b6525db9f635eb680c3fc31626622194869e21aeb2f5525a193bd998b580,https://www.nexusmods.com/skyrimspecialedition/mods/117861
346,WS-JK's The Ragged Flagon.esp,ESPFE,Window Shadows - Patches for JK's Interiors,Skyrim.esm;Shadows.esp;JK's The Ragged Flagon.esp,CELL:1;REFR:3,Enemy;Leveling,1,fb05a48034cf7294ad35ef3b06941b96961c2f4fc026f585d53f9d5d4a4927b2,https://www.nexusmods.com/skyrimspecialedition/mods/55309
347,WS-JK's Sky Haven Temple.esp,ESPFE,Window Shadows - Patches for JK's Interiors,Skyrim.esm;Shadows.esp;JK's Sky Haven Temple.esp,CELL:1;REFR:30,Enemy;Leveling,1,657f76d96068846a5b5bc82a6191a88f481c68f70dcdc61f3c7567fbd2565fa2,https://www.nexusmods.com/skyrimspecialedition/mods/55309
348,WS-JK's Jorrvaskr.esp,ESPFE,Window Shadows - Patches for JK's Interiors,Skyrim.esm;Shadows.esp;JK's Jorrvaskr.esp,CELL:2;REFR:51,Enemy;Leveling,2,63e893e650a9e71322048fd94d1eb3daadea7166ab2c7d3fb25e6d7c2320bc08,https://www.nexusmods.com/skyrimspecialedition/mods/55309
349,WS-JK's College of Winterhold Patch.esp,ESPFE,Window Shadows - Patches for JK's Interiors,Skyrim.esm;Update.esm;Dawnguard.esm;HearthFires.esm;Dragonborn.esm;Unofficial Skyrim Special Edition Patch.esp;Shadows.esp;JK's College of Winterhold.esp,CELL:5;REFR:80,Enemy;Leveling,5,9156ce283a5bc364f8596b88e00b5ba90fd8d1a7dafbbeaf4d6987e9b18e86ea,https://www.nexusmods.com/skyrimspecialedition/mods/55309
350,WS-JK's High Hrothgar.esp,ESPFE,Window Shadows - Patches for JK's Interiors,Skyrim.esm;Dawnguard.esm;Shadows.esp;JK's High Hrothgar.esp,CELL:1;REFR:76,Enemy;Leveling,1,5ee1f2c34303b98d783cdc9a12b95ca7b6b2824f0195311dc5776344be5a04e5,https://www.nexusmods.com/skyrimspecialedition/mods/55309
351,WS-JK's Palace of the Kings.esp,ESPFE,Window Shadows - Patches for JK's Interiors,Skyrim.esm;Update.esm;Dawnguard.esm;HearthFires.esm;Dragonborn.esm;Unofficial Skyrim Special Edition Patch.esp;Shadows.esp;JK's Palace of the Kings.esp,CELL:4;REFR:90,Enemy;Leveling,4,bd32db6c55979cbfc3e38269b91a76f327aa0fa6a16a391aab06608d991becc4,https://www.nexusmods.com/skyrimspecialedition/mods/55309
352,WS-JK's The Bards College.esp,ESPFE,Window Shadows - Patches for JK's Interiors,Skyrim.esm;Shadows.esp;JK's The Bards College.esp,CELL:1;REFR:80,Enemy;Leveling,1,ef989d627f05707668f9dca44455c269b247d5165323da141ef798d0982ba6ec,https://www.nexusmods.com/skyrimspecialedition/mods/55309
353,Fortified Morthal.esp,ESPFE,Fortified Morthal - Patch Collection,Skyrim.esm;Update.esm;Dawnguard.esm;HearthFires.esm;Dragonborn.esm,ACTI:1;DOOR:10;STAT:103;MSTT:2;TREE:1;NAVI:1;CELL:19;REFR:1629;WRLD:1;NAVM:42;ACHR:14;LAND:7;LCTN:1,Enemy;Leveling,16,dfdb0e81323c4451337832591a9d52ac812dcba5d9aa522b2e7201fcd6db5c3b,https://www.nexusmods.com/skyrimspecialedition/mods/126697
354,COTN - Morthal.esp,ESPFE,Cities of the North - Morthal,Skyrim.esm;Update.esm;Dawnguard.esm;HearthFires.esm;Dragonborn.esm;unofficial skyrim special edition patch.esp;Fortified Morthal.esp,STAT:2;CELL:4;REFR:1101;ACHR:6;NAVM:1;WRLD:1,Enemy;Leveling,8,c96347510d5e6b688d5b1b407a8bb984700072bcdccb6bb658105bb5a8548377,https://www.nexusmods.com/skyrimspecialedition/mods/34168
355,Fortified Morthal - Fishing Patch.esp,ESPFE,Fortified Morthal - Patch Collection,Skyrim.esm;Update.esm;Dawnguard.esm;HearthFires.esm;Dragonborn.esm;ccbgssse001-fish.esm;Fortified Morthal.esp,WRLD:1;CELL:1;REFR:2,Enemy;Leveling,0,31b8218f24e4182bc907e39d1e133f8baf99a37abbee510275182a752c6014f4,https://www.nexusmods.com/skyrimspecialedition/mods/126697
356,Fortified Morthal - Jk's Skyrim Patch.esp,ESPFE,Fortified Morthal - Patch Collection,Skyrim.esm;Update.esm;Dawnguard.esm;HearthFires.esm;Dragonborn.esm;JKs Skyrim.esp;Fortified Morthal.esp,STAT:21;NAVI:1;WRLD:1;CELL:12;REFR:154;NAVM:25,Enemy;Leveling,4,6ab11aff7f503ef24f8bb8ad371e1cadf1e75ad5563299120ba3ac8f49583786,https://www.nexusmods.com/skyrimspecialedition/mods/126697
357,COTN - Falkreath.esp,ESP,Cities of the North - Falkreath,Skyrim.esm;Update.esm;Dawnguard.esm;HearthFires.esm;Dragonborn.esm;ccBGSSSE001-Fish.esm;ccQDRSSE001-SurvivalMode.esl;ccbgssse037-curios.esl;ccBGSSSE025-AdvDSGS.esm;Unofficial Skyrim Special Edition Patch.esp,FACT:2;ACTI:1;STAT:84;NPC_:2;KEYM:2;NAVI:1;CELL:42;REFR:5520;ACHR:31;NAVM:62;WRLD:1;LAND:22;PACK:4;FLST:2;LCTN:11,ActorState;Enemy;Leveling,41,96d5bcea3ba204f8a1f68454a6cfb2e4ae76fc8249171518c4891805c13066ed,https://www.nexusmods.com/skyrimspecialedition/mods/56731
358,COTN Falkreath - CC - Fishing Patch.esp,ESPFE,Cities of the North - Falkreath Patch Collection,Skyrim.esm;Update.esm;Dawnguard.esm;HearthFires.esm;Dragonborn.esm;ccBGSSSE001-Fish.esm;Unofficial Skyrim Special Edition Patch.esp;COTN - Falkreath.esp,CELL:2;REFR:3;WRLD:1,Enemy;Leveling,0,f09463b82ae112b6f59333eecd04b65ce77eed6e26e504967871c192658072e8,https://www.nexusmods.com/skyrimspecialedition/mods/56734
359,COTN Falkreath - Embers XD Patch.esp,ESPFE,Cities of the North - Falkreath Patch Collection,Skyrim.esm;Update.esm;Dawnguard.esm;HearthFires.esm;Dragonborn.esm;Unofficial Skyrim Special Edition Patch.esp;COTN - Falkreath.esp;Embers XD.esp,CELL:20;REFR:51;WRLD:1,Enemy;Leveling,12,16718310d31e8f84d0ca446386e47b6ea2acbd08d7be89084331781891479dc8,https://www.nexusmods.com/skyrimspecialedition/mods/56734
360,COTN Falkreath Addons.esp,ESPFE,Cities of the North - Falkreath Patch Collection,Skyrim.esm;Update.esm;Dawnguard.esm;HearthFires.esm;Dragonborn.esm;Unofficial Skyrim Special Edition Patch.esp;COTN - Falkreath.esp,TREE:1;WRLD:1;CELL:4;REFR:67,Enemy;Leveling,0,d56761b84c17cb1191cb705b89775fffd0b69ed8146059d3d66585f477b56bea,https://www.nexusmods.com/skyrimspecialedition/mods/56734
361,COTN Falkreath - Missives patch.esp,ESPFE,Cities of the North - Falkreath Patch Collection,Skyrim.esm;Missives.esp;COTN - Falkreath.esp,WRLD:1;CELL:2;REFR:5,Enemy;Leveling,0,290d88bfc6d6fa0f2194d8b174ccf43856c1f6bf09a4300bde42dca81641c0a5,https://www.nexusmods.com/skyrimspecialedition/mods/56734
362,COTN Falkreath - Grass Mods Patch.esp,ESPFE,Cities of the North - Falkreath Patch Collection,Skyrim.esm;COTN - Falkreath.esp,WRLD:1;CELL:18;LAND:18,Enemy;Leveling,1,c4123ba3f40856170511715b02080362d722b11965cbea3cd8fd9f9a19968262,https://www.nexusmods.com/skyrimspecialedition/mods/56734
363,COTN Falkreath - JKs Skyrim Patch.esp,ESPFE,Cities of the North - Falkreath Patch Collection,Skyrim.esm;Update.esm;Dawnguard.esm;HearthFires.esm;JKs Skyrim.esp;COTN - Falkreath.esp,TXST:1;STAT:3;NAVI:1;WRLD:1;CELL:8;REFR:757;ACHR:3;NAVM:10;LCTN:1,Enemy;Leveling,3,9ddb61a375ce31f09236ef4707e3370d2859983a5a42ccd19a904b21755b5916,https://www.nexusmods.com/skyrimspecialedition/mods/56734
364,Unique Farmhouse Architecture - Dawnstar.esp,ESPFE,Unique Farmhouse Architecture - Dawnstar (Base Object Swapper),Skyrim.esm,STAT:81,,0,0ce42337fd403b87a730fbb8cd3b1a2404f66775f62f831f0200fadcabd17c00,https://www.nexusmods.com/skyrimspecialedition/mods/144730
365,Unique Farmhouse Architecture - Dawnstar - Better Dynamic Snow Patch.esp,ESPFE,Unique Farmhouse Architecture - Dawnstar (Base Object Swapper),Skyrim.esm;Update.esm;Dawnguard.esm;HearthFires.esm;Dragonborn.esm;Better Dynamic Snow SE - DisableRefs.esm;Better Dynamic Snow SE.esp;Unique Farmhouse Architecture - Dawnstar.esp,STAT:12,,0,b0601bb444aef97a8623c317e9496fedb82f1774811fbf67f5b2cef40368816e,https://www.nexusmods.com/skyrimspecialedition/mods/144730
366,Interesting Locations.esp,ESP,Interesting Locations,Skyrim.esm;Update.esm;Dawnguard.esm;HearthFires.esm;Dragonborn.esm,ARMO:1;BOOK:4;CONT:67;DOOR:1;FLOR:6;WEAP:1;NPC_:64;KEYM:7;LVLI:1;NAVI:1;WRLD:3;CELL:145;REFR:5453;ACHR:140;LAND:30;NAVM:56,Damage;ActorState;Enemy;Leveling;Durability,285,4bb3541758ea2b84fd6681b8d11a909ff870418f0a56d14546bc8280962d8642,https://www.nexusmods.com/skyrimspecialedition/mods/153298
367,Interesting Locations - USSEP Patch.esp,ESPFE,Interesting Locations - Patch Collection,Skyrim.esm;Update.esm;Dawnguard.esm;HearthFires.esm;Dragonborn.esm;ccbgssse001-fish.esm;ccqdrsse001-survivalmode.esl;ccbgssse037-curios.esl;ccbgssse025-advdsgs.esm;_ResourcePack.esl;unofficial skyrim special edition patch.esp;Interesting Locations.esp,WRLD:1;CELL:1;REFR:1,Enemy;Leveling,1,481ccf02936eb800c8b5ed1bbc82ddc7d7199ca17404fd74748e861e08240468,https://www.nexusmods.com/skyrimspecialedition/mods/154026
368,Interesting Locations - Whiterun Has Walls Patch.esp,ESPFE,Interesting Locations - Patch Collection,Skyrim.esm;Update.esm;Dawnguard.esm;HearthFires.esm;Dragonborn.esm;Whiterun Has Walls.esm;Interesting Locations.esp,WRLD:1;CELL:5;REFR:90,Enemy;Leveling,5,29a6a25c37b628b0478a7a313bd801e937821417b482f127ab58168fe416edcf,https://www.nexusmods.com/skyrimspecialedition/mods/154026
369,Interesting Locations - Jk's Skyrim Patch.esp,ESPFE,Interesting Locations - Patch Collection,Skyrim.esm;Update.esm;Dawnguard.esm;HearthFires.esm;Dragonborn.esm;JKs Skyrim.esp;Interesting Locations.esp,WRLD:1;CELL:5;REFR:99;ACHR:1,Enemy;Leveling,1,cb0f8004fa7b7257a6b40f661528690e69587e3374698f373539e74ffabdf26e,https://www.nexusmods.com/skyrimspecialedition/mods/154026
370,Northern Roads.esp,ESP,Northern Roads,Skyrim.esm;Update.esm;Dawnguard.esm;HearthFires.esm;Dragonborn.esm,TXST:29;LTEX:22;STAT:124;MSTT:10;NAVI:1;WRLD:3;CELL:1260;REFR:13235;ACHR:8;LAND:1249;NAVM:125,Enemy;Leveling,913,45c4b80b27d09ce1e6af45703bc638d3802d364369a5ef8b9cf0b3e1686d325d,https://www.nexusmods.com/skyrimspecialedition/mods/77530
371,Northern Roads - Grass Patch.esp,ESPFE,Northern Roads,Skyrim.esm;Update.esm;Northern Roads.esp,LTEX:29,,0,75a3a11bdf30abc832d5975f4ec51e3640990193573488f365fe86cd24a2f512,https://www.nexusmods.com/skyrimspecialedition/mods/77530
372,Northern Roads - USSEP Additions.esp,ESPFE,Northern Roads - Patches Compendium,Skyrim.esm;Update.esm;Dawnguard.esm;HearthFires.esm;Dragonborn.esm;Unofficial Skyrim Special Edition Patch.esp;Northern Roads.esp,WRLD:2;CELL:12;REFR:18,Enemy;Leveling,11,2e351c2cb6d37a1c1c58d7dc8d180da81f6d668af03e90d689b3fdf2e2520663,https://www.nexusmods.com/skyrimspecialedition/mods/77893
373,Northern Roads - Happy Little Trees patch.esp,ESPFE,Northern Roads Patch Collection,Skyrim.esm;Update.esm;Dawnguard.esm;HearthFires.esm;Dragonborn.esm;Northern Roads.esp;HappyLittleTrees.esp,WRLD:1;CELL:17;REFR:22,Enemy;Leveling,9,e90c1d5f84c192e4caa6880b72844abbe81a31478d44e404406bd1d94a538707,https://www.nexusmods.com/skyrimspecialedition/mods/77386
374,Northern Roads - Rocks Patch.esp,ESPFE,Northern Roads - Patches Compendium,Skyrim.esm;Update.esm;Unofficial Skyrim Special Edition Patch.esp;Northern Roads.esp,WRLD:1;CELL:156;REFR:331,Enemy;Leveling,130,f8433001580b0768b509699ad95eaaba2fdfa5a11d05975cbec66842af8a874a,https://www.nexusmods.com/skyrimspecialedition/mods/77893
375,Northern Roads - CC Fishing patch.esp,ESPFE,Northern Roads Patch Collection,Skyrim.esm;Update.esm;Dragonborn.esm;ccBGSSSE001-Fish.esm;Northern Roads.esp,WRLD:1;CELL:12;REFR:16,Enemy;Leveling,9,4b7ae045774b613f4cff06921df37e393e5e235bed89740c072f8026e26ad4c3,https://www.nexusmods.com/skyrimspecialedition/mods/77386
376,Northern Roads - CC Saints and Seducers patch.esp,ESPFE,Northern Roads Patch Collection,Skyrim.esm;ccBGSSSE025-AdvDSGS.esm;Northern Roads.esp,WRLD:1;CELL:1;REFR:1,Enemy;Leveling,0,def211fd26c2f095609316b5dc6588644a405892b135ec54fb085f3664f420ec,https://www.nexusmods.com/skyrimspecialedition/mods/77386
377,Northern Roads - JKs Sky Haven Temple patch.esp,ESPFE,Northern Roads Patch Collection,Skyrim.esm;Update.esm;Northern Roads.esp;JK's Sky Haven Temple.esp,WRLD:1;CELL:5;LAND:5,Enemy;Leveling,5,68e8a6f9b353705f902f8e9bab73c2bbc81b4b0aa6763198853d8ab7a04b2a9b,https://www.nexusmods.com/skyrimspecialedition/mods/77386
378,Northern Roads - Pilgrim Shrines Fit for the Divine patch.esp,ESPFE,Northern Roads Patch Collection,Skyrim.esm;Update.esm;Dawnguard.esm;HearthFires.esm;Dragonborn.esm;Northern Roads.esp;Pilgrim.esp;Pilgrim - Shrines Fit for the Divine.esp,WRLD:1;CELL:6;LAND:6;REFR:5,Enemy;Leveling,0,dafbc0ecbd77d89c85d1bc26d156e46a0389c74edcba36641d5789f7e929c4e2,https://www.nexusmods.com/skyrimspecialedition/mods/77386
379,Northern Roads - Floating Plants Fix.esp,ESPFE,Northern Roads - Patches Compendium,Skyrim.esm;Update.esm;Dawnguard.esm;HearthFires.esm;Dragonborn.esm;Northern Roads.esp,WRLD:1;CELL:2;REFR:4,Enemy;Leveling,1,0de28ca7f0f671c2ed14dff425767ace7a09f28d24478409b64347939baf4160,https://www.nexusmods.com/skyrimspecialedition/mods/77893
380,Northern Roads - JKs Skyrim patch.esp,ESPFE,Northern Roads Patch Collection,Skyrim.esm;Update.esm;Dawnguard.esm;HearthFires.esm;Dragonborn.esm;JKs Skyrim.esp;Northern Roads.esp,NAVI:1;WRLD:1;CELL:53;REFR:225;LAND:41;NAVM:16;ACHR:1,Enemy;Leveling,38,229c09ea777300b9295ea2c922e4ec0b1268a16b69ff688512b1303ee84a5be9,https://www.nexusmods.com/skyrimspecialedition/mods/77386
381,Northern Roads - Grand Solitude patch.esp,ESPFE,Northern Roads Patch Collection,Skyrim.esm;Update.esm;Grand Solitude - The Walls of High King Erling.esp;Northern Roads.esp,TXST:1;LTEX:1;STAT:1;WRLD:1;CELL:13;LAND:9;REFR:66,Enemy;Leveling,13,426822c7501f5114af020f524d8dca1529af05b6df73506f09522bf7c9945849,https://www.nexusmods.com/skyrimspecialedition/mods/77386
382,Northern Roads - Stonehills patch.esp,ESPFE,Northern Roads Patch Collection,Skyrim.esm;Northern Roads.esp;Stonehills.esp,WRLD:1;CELL:10;LAND:10;REFR:6,Enemy;Leveling,10,3a4898aee12df59862b310e035dafffae1f05d5ce277ef1708f28aaad493cf10,https://www.nexusmods.com/skyrimspecialedition/mods/77386
383,Northern Roads - Amber Guard patch.esp,ESPFE,Northern Roads Patch Collection,Skyrim.esm;Update.esm;Amber Guard.esp;Northern Roads.esp,STAT:11;NAVI:1;WRLD:1;CELL:11;LAND:11;REFR:71;NAVM:2,Enemy;Leveling,11,e38c6e2a629a52779165b0313a02e5c0a02d788308827c1efac082bb29dbaa0f,https://www.nexusmods.com/skyrimspecialedition/mods/77386
384,Northern Roads - Amol Village patch.esp,ESPFE,Northern Roads Patch Collection,Skyrim.esm;Update.esm;Amol Village.esp;Northern Roads.esp,STAT:3;NAVI:1;WRLD:1;CELL:8;LAND:8;NAVM:5;REFR:39;ACHR:2,Enemy;Leveling,10,6d691d835ef402ce193e276e969bf8059e0cf3ca2275ff1c4df852b338a71bdb,https://www.nexusmods.com/skyrimspecialedition/mods/77386
385,Northern Roads - Another Oakwood patch.esp,ESPFE,Northern Roads Patch Collection,Skyrim.esm;Update.esm;AnotherOakwood.esp;Northern Roads.esp,WRLD:1;CELL:15;LAND:15;REFR:42,Enemy;Leveling,14,900daf86dc4e8fd14143cd8dc11cafa6f0bcda613bbee653e907fd699595e872,https://www.nexusmods.com/skyrimspecialedition/mods/77386
386,Northern Roads - Dunpar Wall patch.esp,ESPFE,Northern Roads Patch Collection,Skyrim.esm;Update.esm;Dawnguard.esm;HearthFires.esm;Dragonborn.esm;Northern Roads.esp;Dunpar Wall.esp,WRLD:1;CELL:8;LAND:8,Enemy;Leveling,8,94e62b09ec9bd2bbf9aaf95facec52dd0db2163e64a97e135cbb46630baf389e,https://www.nexusmods.com/skyrimspecialedition/mods/77386
387,Northern Roads - Granite Hill Village patch.esp,ESPFE,Northern Roads Patch Collection,Skyrim.esm;Granite Hill.esp;Northern Roads.esp,WRLD:1;CELL:9;LAND:9;REFR:6,Enemy;Leveling,3,b0a3a0dcd90d8f834eb9f42c9326af7994e4c6237d5663422cd5d4a70f5a03d2,https://www.nexusmods.com/skyrimspecialedition/mods/77386
388,Northern Roads - Granitehall patch.esp,ESPFE,Northern Roads Patch Collection,Skyrim.esm;Northern Roads.esp;Granitehall.esp,WRLD:1;CELL:7;LAND:7;REFR:6,Enemy;Leveling,7,acb6dbe2abe2d883733d5e65586f6d5b317dbc454c791ee0d087d2e33ddac11d,https://www.nexusmods.com/skyrimspecialedition/mods/77386
389,Northern Roads - Greymoor patch.esp,ESPFE,Northern Roads Patch Collection,Skyrim.esm;Update.esm;Dawnguard.esm;HearthFires.esm;Dragonborn.esm;Northern Roads.esp;Greymoor.esp,NAVI:1;WRLD:1;CELL:8;REFR:62;LAND:7;NAVM:2,Enemy;Leveling,7,6d95815d952a27fdee486c999b0ef095fbc6db2c748549fa70a8b48b8b0ddc0b,https://www.nexusmods.com/skyrimspecialedition/mods/77386
390,Northern Roads - Lainalten patch.esp,ESPFE,Northern Roads Patch Collection,Skyrim.esm;Update.esm;Lainalten.esp;Northern Roads.esp,NAVI:1;WRLD:1;CELL:12;NAVM:8;LAND:10;REFR:17,Enemy;Leveling,11,aa3a02eb3f4e39e2ef756fb4ade55b60cc4fe5e46b63a4c472dada457dd1d329,https://www.nexusmods.com/skyrimspecialedition/mods/77386
391,Northern Roads - Neugrad Patch.esp,ESPFE,Northern Roads - Patches Compendium,Skyrim.esm;Update.esm;Dawnguard.esm;HearthFires.esm;Dragonborn.esm;Neugrad.esp;Northern Roads.esp,CELL:8;WRLD:1;LAND:6;REFR:8,Enemy;Leveling,8,ee1cf9fb62c065e0011654912511ae1994593463b80eeb333c711568613f6a31,https://www.nexusmods.com/skyrimspecialedition/mods/77893
392,Northern Roads - New Weynon patch.esp,ESPFE,Northern Roads Patch Collection,Skyrim.esm;Update.esm;Dawnguard.esm;HearthFires.esm;Dragonborn.esm;Northern Roads.esp;New Weynon.esp,STAT:5;WRLD:1;CELL:8;LAND:8;REFR:26,Enemy;Leveling,8,985198ad1e15cf8b403d2517d2b8f933ae821dcb1b3454791310b04388b35931,https://www.nexusmods.com/skyrimspecialedition/mods/77386
393,Northern Roads - Reich Corigate patch.esp,ESPFE,Northern Roads Patch Collection,Skyrim.esm;Northern Roads.esp;Reich Corigate.esp,WRLD:1;CELL:6;LAND:6;REFR:13,Enemy;Leveling,6,cb92849d511274b42111c5d78066a49335030931c704b8d3614e4dadf48c66da,https://www.nexusmods.com/skyrimspecialedition/mods/77386
394,Northern Roads - Nordic Ruins of Skyrim patch.esp,ESPFE,Northern Roads Patch Collection,Skyrim.esm;Nordic Ruins of Skyrim.esp;Northern Roads.esp,WRLD:1;CELL:1;LAND:1,Enemy;Leveling,1,7cee241ae7aef818dec48bddb6654f6efcfa297141c0f11fcef94c58e0ddbf8d,https://www.nexusmods.com/skyrimspecialedition/mods/77386
395,Northern Roads - Vernim Wood patch.esp,ESPFE,Northern Roads Patch Collection,Skyrim.esm;Vernim Wood.esp;Northern Roads.esp,NAVI:1;WRLD:1;CELL:10;REFR:38;LAND:8;NAVM:4,Enemy;Leveling,4,038fdb88005d9d0f905be031dd2637d5ee5bba6c0c0212320dbe23efed9aee36,https://www.nexusmods.com/skyrimspecialedition/mods/77386
396,Northern Roads - Hag Occult Orphan Rock Patch.esp,ESPFE,Northern Roads - Patches Compendium,Skyrim.esm;Update.esm;Dawnguard.esm;HearthFires.esm;Dragonborn.esm;HAG - Occult Orphan Rock.esp;Northern Roads.esp,WRLD:1;CELL:4;LAND:4,Enemy;Leveling,4,b9b1d38cd0c2cae6b453511cf273b1f3b6dae42b871041783c847334e2c5043c,https://www.nexusmods.com/skyrimspecialedition/mods/77893
397,Northern Roads - COTN Falkreath Patch.esp,ESPFE,Northern Roads Patch Collection,Skyrim.esm;Update.esm;COTN - Falkreath.esp;Northern Roads.esp,WRLD:1;CELL:19;LAND:19;REFR:37,Enemy;Leveling,19,9fe2e114e6c716c2b9159b7f2b3e2008d898acfe64332ccfc07a5f28214d251d,https://www.nexusmods.com/skyrimspecialedition/mods/77386
398,Northern Roads - Fortified Morthal Patch.esp,ESPFE,Northern Roads - Patches Compendium,Skyrim.esm;Update.esm;Dawnguard.esm;HearthFires.esm;Dragonborn.esm;Fortified Morthal.esp;Northern Roads.esp,NAVI:1;WRLD:1;CELL:6;REFR:23;NAVM:10,Enemy;Leveling,4,032b058c472bbcc3a24f9ca33f782db5fb8e6bf7f82959629270c098c8de9ea6,https://www.nexusmods.com/skyrimspecialedition/mods/77893
399,Vernim Wood Inn Door Patch.esp,ESPFE,SupportEgirl's Patch Hub,Skyrim.esm;Update.esm;Dawnguard.esm;HearthFires.esm;Dragonborn.esm;Northern Roads.esp;Vernim Wood.esp;Northern Roads - Vernim Wood patch.esp,WRLD:1;CELL:2;REFR:7,Enemy;Leveling,0,3824e7aa7281aa5b799e66ce6c70699ce52cee068e547e6b25f5e9ad89a331c6,https://www.nexusmods.com/skyrimspecialedition/mods/46105
400,Granite Hill Northern Roads Landscape Fixes.esp,ESPFE,SupportEgirl's Patch Hub,Skyrim.esm;Update.esm;Dawnguard.esm;HearthFires.esm;Dragonborn.esm;Granite Hill.esp;Northern Roads.esp;Northern Roads - Granite Hill Village patch.esp,WRLD:1;CELL:6;REFR:7;LAND:6,Enemy;Leveling,1,590f56dbdbd23af1697e51bed90dfc6fe54d184e27ddfd74c0cc3c82a7ccc2c6,https://www.nexusmods.com/skyrimspecialedition/mods/46105
401,Granite Hill Ownership Flagged.esp,ESPFE,SupportEgirl's Patch Hub,Skyrim.esm;Granite Hill.esp,WRLD:1;CELL:5;REFR:66,Enemy;Leveling,3,8adeaec76d14f13857b6cadea94313c4f176f38ae20132b287ff8f6ad9783757,https://www.nexusmods.com/skyrimspecialedition/mods/46105
402,Vernim Wood Northern Roads Patch Updated.esp,ESPFE,SupportEgirl's Patch Hub,Skyrim.esm;Update.esm;Northern Roads.esp;Vernim Wood.esp,WRLD:1;CELL:6;LAND:1;REFR:16,Enemy;Leveling,6,040d454410c89c67d29284ebae32c539a856740d3900f3baeabfc7a7fac22a7f,https://www.nexusmods.com/skyrimspecialedition/mods/46105
403,Stendarr Rising - Completed From Start.esp,ESPFE,AETHERIUS - CUSTOM SETTINGS,Skyrim.esm;Dawnguard.esm;Stendarr Rising.esp,CELL:2;REFR:25;WRLD:1,Enemy;Leveling,1,4f8424621536e8e336b9e4b1593b042f5fa5bab2114201eedc6ae2fcf66f410c,LOCAL: no public mod ID recorded
404,Fort Dawnguard - Completed From Start - JKs ClefJs.esp,ESPFE,AETHERIUS - CUSTOM SETTINGS,Skyrim.esm;Dawnguard.esm;JKs-ClefJs Fort Dawnguard.esp,CELL:2;REFR:12;WRLD:1,Enemy;Leveling,2,8aabc2477c67c06d2e540327b5f4fac3035be5b1e19ac617d2c58000cc735bbc,LOCAL: no public mod ID recorded
405,Predator Vision.esp,ESP,Predator Vision - Night Eye and Thermal Vision Overhaul,Skyrim.esm,GLOB:14;MGEF:14;SPEL:10;BOOK:4;INGR:4;LVLI:11;QUST:3;EFSH:2;IMAD:8,Class;Damage;ActorState;Enemy;Leveling;Durability,47,67c92271618ccf769f01c02eaa007621e56b7c72f50867579a2547832e4b46f2,https://www.nexusmods.com/skyrimspecialedition/mods/2777
406,NightEyeENBFix_PredatorVision.esp,ESPFE,Rudy ENB SE for Obsidian Weathers - LUX - ELFX,Skyrim.esm;Predator Vision.esp,MGEF:1;IMAD:9,Damage;ActorState,1,f65e8ba678363cb62f2742cc50e89889572bb738cb4c160c7a1cc0129a9ff8a3,https://www.nexusmods.com/skyrimspecialedition/mods/4796
407,TGC Winterhold - JKs CoW Patch.esp,ESPFE,The Great City of Winterhold Patch Collection,Skyrim.esm;Update.esm;Dawnguard.esm;HearthFires.esm;Dragonborn.esm;JK's College of Winterhold.esp;Resources - The Great Cities.esp;The Great City of Winterhold v4.esp,NAVI:1;WRLD:1;CELL:7;NAVM:3,Enemy;Leveling,4,9088dc81fbf72494383005a39789abfaf0ea22c68b924441df59b4fdff5470db,https://www.nexusmods.com/skyrimspecialedition/mods/74560
408,TGC Winterhold - JKs Skyrim patch.esp,ESPFE,The Great City of Winterhold Patch Collection,Skyrim.esm;Update.esm;Dawnguard.esm;HearthFires.esm;Dragonborn.esm;Resources - The Great Cities.esp;The Great City of Winterhold v4.esp;JKs Skyrim.esp,NAVI:1;WRLD:1;CELL:15;REFR:1280;NAVM:21;LAND:10;ACHR:3,Enemy;Leveling,16,9738cdc2528049f1b079533d416018b3d3f5780351381b099ee35e409b12bfc4,https://www.nexusmods.com/skyrimspecialedition/mods/74560
409,Interesting Locations - Unmarked Locations Pack Patch.esp,ESPFE,Interesting Locations - Patch Collection,Skyrim.esm;Update.esm;Dawnguard.esm;HearthFires.esm;Dragonborn.esm;Interesting Locations.esp;Unmarked Locations Pack - All In One.esp,WRLD:1;CELL:1;REFR:2,Enemy;Leveling,0,44709a2131b0fc17690a6aac9c179317c695d9caeaf5868274afa2397c690e48,https://www.nexusmods.com/skyrimspecialedition/mods/154026
410,Interesting Locations - Northern Scenery _Tundra Patch.esp,ESPFE,Interesting Locations - Patch Collection,Skyrim.esm;Update.esm;Dawnguard.esm;HearthFires.esm;Dragonborn.esm;Interesting Locations.esp;Northern Scenery _Tundra.esp,WRLD:1;CELL:2;REFR:4,Enemy;Leveling,1,8150d993a15e6a3cfa12ea11365dcbb7744ed889957321153d70f9b604adc8ac,https://www.nexusmods.com/skyrimspecialedition/mods/154026
411,Interesting Locations - Northern Roads Patch.esp,ESPFE,Interesting Locations - Patch Collection,Skyrim.esm;Update.esm;Dawnguard.esm;HearthFires.esm;Dragonborn.esm;Interesting Locations.esp;Northern Roads.esp,WRLD:1;CELL:28;REFR:108;ACHR:4;LAND:26,Enemy;Leveling,32,d61867320836303090dc34089f240ef7f118451e8e475026b0134379c4b453cf,https://www.nexusmods.com/skyrimspecialedition/mods/154026
412,Vanaheimr - Northern Roads Patch.esp,ESPFE,Vanaheimr - Northern Roads - Complex Material - PBR,Skyrim.esm;Update.esm;Dawnguard.esm;HearthFires.esm;Dragonborn.esm;Northern Roads.esp,TXST:18;LTEX:23,,0,a89ec388a4d9a6dcd0b5e35f95e524687a6e768c31ef7f6eb31c2b49f0ade44a,https://www.nexusmods.com/skyrimspecialedition/mods/152575
413,Pilgrim - Shrines Fit for the Divine - NR Patch.esp,ESPFE,Pilgrim Religion Overhaul - Shrines fit for the Divine,Skyrim.esm;Update.esm;Dawnguard.esm;HearthFires.esm;Dragonborn.esm;Northern Roads.esp;Pilgrim.esp;Pilgrim - Shrines Fit for the Divine.esp,WRLD:1;CELL:6;LAND:6;REFR:5,Enemy;Leveling,3,dafbc0ecbd77d89c85d1bc26d156e46a0389c74edcba36641d5789f7e929c4e2,https://www.nexusmods.com/skyrimspecialedition/mods/158863
414,AETHERIUS - SETTINGS.esp,ESPFE,AETHERIUS - CUSTOM SETTINGS,,,,0,0a3630b997e14591061d32cb128c85cc1fd23bbb5505af87fe79af921372e8b7,LOCAL: no public mod ID recorded
415,AETHERIUS - INIMIGOS.esp,ESPFE,AETHERIUS - CUSTOM SETTINGS,Skyrim.esm;Dawnguard.esm;Dragonborn.esm;Skyrim Revamped - Complete Enemy Overhaul.esp;Bandit War.esp;Artificer.esp;Better Vampire NPCs.esp;Humanoid Dragon Priest.esp;MysticismMagic.esp,NPC_:43,ActorState;Enemy;Leveling,43,255d7887c12137044fd0d3574322c836c7f6b12535d38ecf7b0a812fc816d783,LOCAL: no public mod ID recorded
416,AETHERIUS - BALANCE.esp,ESP,AETHERIUS - CUSTOM SETTINGS,Skyrim.esm;Update.esm;Dawnguard.esm;Dragonborn.esm;ccvsvsse003-necroarts.esl;ccBGSSSE025-AdvDSGS.esm;ShadowSpellPackage.esp;DawnguardArsenal.esp;MasterSpellsRunes.esp;Triumvirate - Mage Archetypes.esp;Open World Loot.esp;LostGrimoire.esp;PuddingFace_SimpleSpellsPackage.esp;MysticismMagic.esp;360 Ward.esp;Apothecary.esp;Aetherius.esp;Vokrii - Minimalistic Perks of Skyrim.esp;Mysticism - Vokrii Compatibility Patch.esp,GMST:7;RACE:24;MGEF:175;SPEL:184;INGR:2;PROJ:1;ECZN:319,Class;Damage;ActorState;Enemy;Leveling,704,4ca8cdee31131a808430dca9a313c13d263f01bb093cf396e4457c3304d678c5,LOCAL: no public mod ID recorded
417,AETHERIUS - ITEM BALANCE.esp,ESP,AETHERIUS - CUSTOM SETTINGS,Skyrim.esm;Update.esm;Dawnguard.esm;Dragonborn.esm;ccvsvsse003-necroarts.esl;ccBGSSSE025-AdvDSGS.esm;HammetDungeon01.esm;HammetDungeon02.esm;Apachii_DivineEleganceStore.esm;cheddars_mashups.esl;1NDArmor.esl;1FlutedArmor.esl;1AncArgArm.esl;1SilverArmor.esl;1FS.esl;1YsmirArmorSE.esl;cheddars_mashups.esp;Arch'sLionMane.esp;CompanionsArmorRedone.esp;DaedricArmorRedone.esp;Rough Leather Armor.esp;ForswornHeaddressVariants.esp;Ancient_Vampire_Armor.esp;Dawnguard Hoods.esp;DragonPriestArmor.esp;Vision of Skyrim II.esp;Greymoor.esp;Granite Hill.esp;Falkhurst.esp;Amber Guard.esp;CeykyndArmor.esp;NW_Steel_Plate_Armors.esp;LostGrimoire.esp;PuddingFace_SimpleSpellsPackage.esp;JKs Skyrim.esp;weapons armor clothing & clutter fixes.esp;MysticismMagic.esp;JK's Fort Dawnguard.esp;Skyrim Revamped - Complete Enemy Overhaul.esp;The Restless Dead.esp;Bandit War.esp;Thaumaturgy.esp;Artificer.esp;JK's Palace of the Kings.esp;waccf_armor and clothing extension.esp;Better Vampire NPCs.esp;New Legion Redux.esp;imp_helm_legend.esp;[FB] Master Thief Armor.esp;NB-FurHoods.esp;Black Mage Armor SE.esp;Sentinel.esp;Grimoire.esp;Sentinel - City Guards.esp;imp_helm_Sentinel.esp;Vokrii - Minimalistic Perks of Skyrim.esp;1AncientImperial.esp;Man-at-arms Set.esp;Armors of the Velothi PtI - My version by Xtudo.esp;Armors of the Velothi.esp;FurSet by keung.esp;Black Bear Ancient Nord Armor.esp,ARMO:9493;LIGH:1,Damage;Durability,9493,271df26be26df74d05d4d058aafdd1f718460a6a4e92ded88e076b56d4d4f6b0,LOCAL: no public mod ID recorded
418,AETHERIUS - LEVELED LISTS.esp,ESP,AETHERIUS - CUSTOM SETTINGS,Skyrim.esm;Update.esm;Dawnguard.esm;HearthFires.esm;Dragonborn.esm;ccBGSSSE001-Fish.esm;ccBGSSSE025-AdvDSGS.esm;ccBGSSSE037-Curios.esl;unofficial skyrim special edition patch.esp;Grand Solitude - The Walls of High King Erling.esp;Sentinel - Master Plugin.esp;CeykyndArmor.esp;NW_Steel_Plate_Armors.esp;Open World Loot.esp;LostGrimoire.esp;PuddingFace_SimpleSpellsPackage.esp;Enhanced Interiors Lite.esp;JKs Skyrim.esp;weapons armor clothing & clutter fixes.esp;MysticismMagic.esp;JK's Fort Dawnguard.esp;Skyrim Revamped - Complete Enemy Overhaul.esp;The Restless Dead.esp;Bandit War.esp;Thaumaturgy.esp;Artificer.esp;JK's Palace of the Kings.esp;waccf_armor and clothing extension.esp;Better Vampire NPCs.esp;Sentinel.esp;Sentinel - City Guards.esp,CONT:10;AMMO:3;NPC_:1195;LVLN:53;LVLI:959,Damage;ActorState;Enemy;Leveling;Durability,2210,ddfd53177805617c9af8f9bc2282618cda9dfb1012c538490dfa3b51ace1d2eb,LOCAL: no public mod ID recorded
419,AETHERIUS - WORLD EDITS.esp,ESP,AETHERIUS - CUSTOM SETTINGS,Skyrim.esm;Update.esm;Dawnguard.esm;HearthFires.esm;Dragonborn.esm;ccBGSSSE001-Fish.esm;ccQDRSSE001-SurvivalMode.esl;ccBGSSSE037-Curios.esl;ccBGSSSE025-AdvDSGS.esm;_ResourcePack.esl;unofficial skyrim special edition patch.esp;Grand Solitude - The Walls of High King Erling.esp;Embers XD.esm;Better Dynamic Snow SE - DisableRefs.esm;Laintar Dale.esp;Laintar Dale Rock Fix.esp;Lainalten.esp;HappyLittleTrees.esp;Better Dynamic Snow SE.esp;JKs Skyrim.esp;JK's Skyrim - Reduced Cut - Dragon Bridge.esp;JK's Skyrim - Lightened.esp;Grand Solitude - JKs Skyrim patch.esp;Embers XD.esp;waccf_armor and clothing extension.esp;Grand Solitude - ACE patch.esp;Pilgrim.esp;Grand Solitude - Pilgrim patch.esp;man_DaedricShrines.esp;man_sithis.esp;Pilgrim - Daedric Shrines Patch.esp;AlternativeRiften.esp;Grand Solitude - New NPCs Disabled.esp;Alternative Riften - JK's Skyrim AIO - Patch.esp;Pilgrim - Shrines Fit for the Divine.esp;Embers XD - Patch - JKs Skyrim.esp;Missives.esp;Grand Solitude - Missives patch.esp;Nordic Windhelm Chimney Smoke.esp;Resources - The Great Cities.esp;The Great City of Winterhold v4.esp;JK's Skyrim - Lightened - Great City of Winterhold.esp;Fortified Morthal.esp;Fortified Morthal - Jk's Skyrim Patch.esp;Northern Roads.esp;Northern Roads - Happy Little Trees patch.esp;Northern Roads - CC Fishing patch.esp;Northern Roads - Pilgrim Shrines Fit for the Divine patch.esp;Northern Roads - JKs Skyrim patch.esp;Northern Roads - Grand Solitude patch.esp;Northern Roads - Lainalten patch.esp;Northern Roads - Fortified Morthal Patch.esp;TGC Winterhold - JKs Skyrim patch.esp;Pilgrim - Shrines Fit for the Divine - NR Patch.esp,CELL:23;REFR:314;WRLD:4;LAND:6,Enemy;Leveling,23,bee2c1c93a4ed4c43570d3aabcceb98c88cb3654ff9fc8e10ac81bae3ef6d429,LOCAL: no public mod ID recorded
420,AETHERIUS - SOBREVIVENCIA.esp,ESPFE,AETHERIUS - SOBREVIVENCIA,,MGEF:9;SPEL:10,Class;Damage;ActorState,19,659b62d05a39545517c3514ad12403f67a70f035230382d01ee58797ab2f6860,LOCAL: no public mod ID recorded
421,Synthesis.esp,ESP,Synthesis - Output,,,,0,0d28617aa36ac22f1f811cdb26b64a16de9afc3ddd7e8904eb8a01446a02bb7e,LOCAL: no public mod ID recorded
422,Aetherius - Black Logo.esp,ESPFE,AETHERIUS - MENU E LOGO,Skyrim.esm;Update.esm;Dawnguard.esm;HearthFires.esm;Dragonborn.esm;ccBGSSSE001-Fish.esm;ccQDRSSE001-SurvivalMode.esl;ccBGSSSE025-AdvDSGS.esm;unofficial skyrim special edition patch.esp;DawnguardArsenal.esp;CeykyndArmor.esp,LSCR:380,,0,ccf3147f113fdd13bb7ff84996ccf73157d84699e3ba2f83499486c16f6c5abf,LOCAL: no public mod ID recorded
423,FWMF for Fantasy Paper Maps.esp,ESP,Flat World Map Framework (FWMF),Skyrim.esm;Update.esm;Dawnguard.esm;Dragonborn.esm,GMST:1;WTHR:1;WRLD:47;IMGS:1,Damage;Enemy,47,4482c8cf6955c8a1c29ce2d546971298ecc4cd81f0a92e50f60566d850aca558,https://www.nexusmods.com/skyrimspecialedition/mods/29932
